climate,site_r,site,week,doy,plant_id,crown_height,N_spikes,spike_length,leaf_length,leaf_width,seed_mass,n_seeds,infl_mass,non_measured_plant_harvested,in_plot
cool,a,1,3,186,2,3.3,0,,3.9,2,,,,0,1
cool,a,1,3,186,3,6.6,0,,2.6,1.7,,,,0,1
cool,a,1,3,186,4,3.7,0,,1.9,1.2,,,,0,1
cool,a,1,3,186,5,7.2,0,,3.3,1.9,,,,0,1
cool,a,1,3,186,6,16.3,0,,4,2.3,,,,0,1
cool,a,1,3,186,7,12,0,,4.4,2.3,,,,0,1
cool,a,1,3,186,8,7.7,0,,3.4,1.9,,,,0,1
cool,a,1,3,186,9,10,0,,4.5,2.8,,,,0,1
cool,a,1,3,186,10,7,0,,3.2,1.7,,,,0,1
cool,a,1,3,186,11,10.8,0,,4.5,2.9,,,,0,1
cool,a,1,3,186,12,14.3,0,,3.9,1.4,,,,0,1
cool,a,1,3,186,13,7.9,0,,2.6,1.1,,,,0,1
cool,a,1,3,186,14,9.3,0,,2.4,1.1,,,,0,1
cool,a,1,3,186,15,9.5,0,,6.2,2.3,,,,0,1
cool,a,1,5,216,2,10.6,1,0.5,4.1,2.2,,,,0,1
cool,a,1,5,216,3,17.4,1,0.7,3.8,2.2,,,,0,1
cool,a,1,5,216,4,11.6,1,0.5,2.6,1.6,,,,0,1
cool,a,1,5,216,5,15,1,0.7,2.9,2.2,,,,0,1
cool,a,1,5,216,6,43.5,1,6.5,3.9,2.7,,,,0,1
cool,a,1,5,216,7,37,1,1.2,3.6,2.9,,,,0,1
cool,a,1,5,216,8,18.2,0,,4,3.2,,,,0,1
cool,a,1,5,216,9,34.8,6,1.8,5.5,3.5,,,,0,1
cool,a,1,5,216,10,39.1,6,1.8,8.2,5.7,,,,0,1
cool,a,1,5,216,11,20.3,1,0.7,5.2,3.4,,,,0,1
cool,a,1,5,216,12,34.8,5,1,6.5,3.1,,,,0,1
cool,a,1,5,216,13,29.5,1,0.7,4.4,1.8,,,,0,1
cool,a,1,5,216,14,16,0,,2.6,1.2,,,,0,1
cool,a,1,5,216,15,42.2,7,5.2,8.3,4.2,,,,0,1
cool,a,1,7,228,2,21,2,4,5.1,3,,,,0,1
cool,a,1,7,228,3,26.2,6,4.2,3.5,2.4,,,,0,1
cool,a,1,7,228,4,19,1,2.6,2.4,1.6,,,,0,1
cool,a,1,7,228,5,19,1,3.5,3.4,1.7,,,,0,1
cool,a,1,7,228,6,55,5,9.3,6.7,4.5,,,,0,1
cool,a,1,7,228,7,44.8,1,4.5,4.2,3.1,,,,0,1
cool,a,1,7,228,8,24.9,0,,4.4,3.4,,,,0,1
cool,a,1,7,228,9,58.6,10,8.7,6.2,3.7,,,,0,1
cool,a,1,7,228,10,56.3,16,14.2,8,6.1,,,,0,1
cool,a,1,7,228,11,28.9,5,5.1,3.9,2.1,,,,0,1
cool,a,1,7,228,12,52,9,8.8,7.1,4.5,,,,0,1
cool,a,1,7,228,13,28.1,1,5.2,4.3,3.3,,,,0,1
cool,a,1,7,228,14,18,1,0.2,3.2,1.5,,,,0,1
cool,a,1,7,228,15,53,11,14.4,7.4,5.4,,,,0,1
cool,a,1,9,235,14,17.7,0,,2.7,1,,0,0,0,1
cool,a,1,9,244,1,48.1,15,10.6,8.7,5.3,,13,,0,1
cool,a,1,9,244,2,29,2,10.2,4.5,2.7,,13,,0,1
cool,a,1,9,244,3,32.2,1,9.5,4.4,2.9,,13,,0,1
cool,a,1,9,244,4,24,1,5,2.3,2.2,,9,,0,1
cool,a,1,9,244,5,24.2,1,7,2.7,2.1,,4,,0,1
cool,a,1,9,244,6,59.4,6,12,6.6,4.7,0.111,44,0.16,0,1
cool,a,1,9,244,7,44,1,2.7,3.3,2.5,0.059,20,0,0,1
cool,a,1,9,244,8,27,0,,4.4,3.2,0.074,24,0,0,1
cool,a,1,9,244,9,50.4,10,10.5,6.2,3.7,0.313,94,0.237,0,1
cool,a,1,9,244,10,60.7,17,17.3,8.4,6.3,0.095,30,0.781,0,1
cool,a,1,9,244,11,34.5,4,11.2,3.5,2.6,0.04,18,0.089,0,1
cool,a,1,9,244,12,58.4,8,16.1,7.2,4.3,0.065,30,0.29,0,1
cool,a,1,9,244,13,,0,,,,0,0,0.038,0,1
cool,a,1,9,244,15,57.6,12,16.1,8.8,4,0.128,48,0.552,0,1
cool,a,1,9,244,14b,32.4,1,9.8,4,1.2,,,,1,1
cool,a,1,9,244,13x,65.9,24,21.2,11.5,7.2,0.555,183,0.949,1,0
cool,a,1,9,244,1x,40.3,4,12.3,4.8,3.1,0.02,11,0.163,1,0
cool,a,1,9,244,2x,38.2,7,14,4.3,3.6,0.188,55,0.313,1,0
cool,a,1,9,244,3x,24.3,5,5.7,3.7,2.1,0.087,36,0.085,1,0
cool,a,1,9,244,4x,47.2,31,17.1,6.6,4.5,0.287,,1.108,1,0
cool,a,1,9,244,5x,23.6,5,6.2,5.1,3.2,0.002,2,0.064,1,0
cool,b,2,3,186,1,2.4,0,,1.8,0.5,,,,0,1
cool,b,2,3,186,2,5.7,0,,1.9,1.5,,,,0,1
cool,b,2,3,186,3,5.3,0,,2.2,1,,,,0,1
cool,b,2,3,186,4,5.5,0,,3.6,2.1,,,,0,1
cool,b,2,3,186,5,3.6,0,,2.4,0.9,,,,0,1
cool,b,2,3,186,6,2.4,0,,1.1,0.6,,,,0,1
cool,b,2,3,186,7,1.5,0,,2.3,1.1,,,,0,1
cool,b,2,3,186,8,5.8,0,,3.2,1.9,,,,0,1
cool,b,2,3,186,9,3.5,0,,3,1,,,,0,1
cool,b,2,3,186,10,5.6,0,,3.3,1,,,,0,1
cool,b,2,3,186,11,3.6,0,,3.1,1.1,,,,0,1
cool,b,2,3,186,12,4.5,0,,2.5,1.9,,,,0,1
cool,b,2,3,186,13,4.1,0,,5.4,2.2,,,,0,1
cool,b,2,3,186,14,4.4,0,,5.2,2.8,,,,0,1
cool,b,2,3,186,15,5.9,0,,5.4,0.9,,,,0,1
cool,b,2,5,216,1,3.5,0,,2.7,1.4,,,,0,1
cool,b,2,5,216,2,9.4,0,,2.8,1.8,,,,0,1
cool,b,2,5,216,3,6,0,,2.2,1.3,,,,0,1
cool,b,2,5,216,4,17.7,5,3.1,4.6,3,,,,0,1
cool,b,2,5,216,5,10,0,,3.4,1.5,,,,0,1
cool,b,2,5,216,12,5.6,1,0.5,3.7,1.8,,,,0,1
cool,b,2,5,216,6,9.2,0,,3.1,1.7,,,,0,1
cool,b,2,5,216,7,6.3,0,,3.2,2.1,,,,0,1
cool,b,2,5,216,8,13.3,2,0.5,5.9,3.9,,,,0,1
cool,b,2,5,216,9,,0,,,,,,,0,1
cool,b,2,5,216,10,8.6,3,1.1,3.8,2.5,,,,0,1
cool,b,2,5,216,11,10.6,1,0.7,3.4,2.6,,,,0,1
cool,b,2,5,216,13,14.2,6,1.9,5.8,3.5,,,,0,1
cool,b,2,5,216,14,,0,,,,,,,0,1
cool,b,2,5,216,15,,0,,,,,,,0,1
cool,b,2,7,228,1,5,1,0.7,2.8,1.7,,,,0,1
cool,b,2,7,228,2,15.4,1,2.5,3.3,2.2,,,,0,1
cool,b,2,7,228,3,12.1,2,1.5,2.8,1.3,,,,0,1
cool,b,2,7,228,4,25.8,8,10.1,4.2,3,,,,0,1
cool,b,2,7,228,5,18.6,1,7,2.8,1.6,,,,0,1
cool,b,2,7,228,6,14.7,5,4,3.9,2.8,,,,0,1
cool,b,2,7,228,7,12.5,1,0.5,3.7,1.7,,,,0,1
cool,b,2,7,228,8,10.2,1,0.6,3.5,2,,,,0,1
cool,b,2,7,228,9,30.5,8,4.6,7.1,4.5,,,,0,1
cool,b,2,7,228,10,,5,,,,,,,0,1
cool,b,2,7,228,11,15.6,1,2.5,3.1,1.5,,,,0,1
cool,b,2,7,228,12,,0,,,,,,,0,1
cool,b,2,7,228,13,27.4,11,12,6.5,3.7,,,,0,1
cool,b,2,7,228,14,3,0,,1.9,0.9,,,,0,1
cool,b,2,7,228,15,,0,,,,,,,0,1
cool,b,2,9,235,11,24.6,6,7.9,3.8,2.9,,,,0,1
cool,b,2,9,244,3,,0,,,,,,,0,1
cool,b,2,9,244,4,27.9,11,12.3,3.8,3.3,0.047,,0.189,0,1
cool,b,2,9,244,5,18.7,1,7.7,3.3,1.7,,14,0.034,0,1
cool,b,2,9,244,6,19.4,1,3.7,3.2,1.6,,1,0.017,0,1
cool,b,2,9,244,7,,0,,,,,,,0,1
cool,b,2,9,244,8,40.2,7,11.8,6.4,3.2,0.032,,0.251,0,1
cool,b,2,9,244,9,,0,,,,,,,0,1
cool,b,2,9,244,10,18.5,4,7,4.2,2.2,,7,0.053,0,1
cool,b,2,9,244,11,25.4,6,8.3,3.7,3,0.018,,0.063,0,1
cool,b,2,9,244,12,21.2,5,9.5,4.5,2.1,,2,0.122,0,1
cool,b,2,9,244,13,30.6,14,14.6,6.4,3.6,,12,0.251,0,1
cool,b,2,9,244,14,4.7,0,,1.6,1,,,,0,1
cool,b,2,9,244,15,,0,,,,,,,0,1
cool,b,2,9,244,14x,27.7,11,12.9,9,5.7,0.045,,0.525,1,1
cool,b,2,9,244,15x,26.4,6,8.6,5,2.4,0.04,,0.166,1,1
cool,b,2,9,244,3x,10.4,1,0.2,1.5,1,,4,0,1,1
cool,b,2,9,244,7x,15.7,1,4.2,3.6,1.7,0.004,,0.018,1,1
cool,b,2,9,244,9X,,,,,,0.03,,0.158,NA,NA
cool,c,3,3,186,1,24.5,0,,10.6,5.6,,,,0,1
cool,c,3,3,186,2,20,0,,9.6,4.4,,,,0,1
cool,c,3,3,186,3,22.4,0,,9.7,5.3,,,,0,1
cool,c,3,3,186,4,15.6,0,,4.5,2.1,,,,0,1
cool,c,3,3,186,5,24.3,0,,8.5,5.5,,,,0,1
cool,c,3,3,186,6,12.7,0,,4.7,1.9,,,,0,1
cool,c,3,3,186,7,8.6,0,,3.9,1.7,,,,0,1
cool,c,3,3,186,8,6.3,0,,2,0.6,,,,0,1
cool,c,3,3,186,9,22.1,0,,12.5,9,,,,0,1
cool,c,3,3,186,10,19.3,0,,8.3,4.4,,,,0,1
cool,c,3,3,186,11,13.3,0,,4.8,2.3,,,,0,1
cool,c,3,3,186,12,5.9,0,,2.5,1.1,,,,0,1
cool,c,3,3,186,13,6.6,0,,3.1,1.5,,,,0,1
cool,c,3,3,186,14,10.2,0,,3.9,1.1,,,,0,1
cool,c,3,3,186,15,26.1,0,,10.2,6.3,,,,0,1
cool,c,3,5,216,1,48.5,13,7.7,9.3,3.8,,,,0,1
cool,c,3,5,216,2,39.2,6,2.1,7.6,4.3,,,,0,1
cool,c,3,5,216,3,51.7,9,9,9.1,5.1,,,,0,1
cool,c,3,5,216,4,26.5,1,0.5,6.6,2.6,,,,0,1
cool,c,3,5,216,5,52.5,6,8.5,7.7,4.4,,,,0,1
cool,c,3,5,216,6,19.8,0,,5.8,3.2,,,,0,1
cool,c,3,5,216,7,29,1,0.7,7.3,4.7,,,,0,1
cool,c,3,5,216,8,,0,,,,,,,0,1
cool,c,3,5,216,9,72,116,9.2,13.2,9.7,,,,0,1
cool,c,3,5,216,10,32.5,3,1.4,5.5,3.2,,,,0,1
cool,c,3,5,216,11,21.5,1,1,6,3.2,,,,0,1
cool,c,3,5,216,12,15.5,0,,1.5,1.1,,,,0,1
cool,c,3,5,216,13,,0,,,,,,,0,1
cool,c,3,5,216,14,,0,,,,,,,0,1
cool,c,3,5,216,15,56.1,14,12.1,10.2,9,,,,0,1
cool,c,3,7,228,1,53.5,13,12.5,7.9,6.3,,,,0,1
cool,c,3,7,228,2,49.7,18,10.9,9.7,4.2,,,,0,1
cool,c,3,7,228,3,55.2,10,12.6,9.5,6.4,,,,0,1
cool,c,3,7,228,4,34.3,1,4.4,5,2.6,,,,0,1
cool,c,3,7,228,5,56,13,12.2,5.7,4.4,,,,0,1
cool,c,3,7,228,6,31,1,2.5,6.5,3.7,,,,0,1
cool,c,3,7,228,7,42.5,7,6.5,7.6,4.8,,,,0,1
cool,c,3,7,228,8,,0,,,,,,,0,1
cool,c,3,7,228,9,76.9,164,14.8,12,10.1,,,,0,1
cool,c,3,7,228,10,44.5,4,9.2,5.8,3.7,,,,0,1
cool,c,3,7,228,11,,0,,,,,,,0,1
cool,c,3,7,228,12,,0,,,,,,,0,1
cool,c,3,7,228,13,26,1,5.1,6.7,3,,,,0,1
cool,c,3,7,228,14,,0,,,,,,,0,1
cool,c,3,7,228,15,61.8,13,14.7,10.7,5.5,,,,0,1
cool,c,3,9,235,12x,20.2,1,0.3,2.3,1.2,,8,0,1,1
cool,c,3,9,244,1,55,13,14,8.6,4.8,0.243,106,0.309,0,1
cool,c,3,9,244,2,52.5,17,12.4,8.6,3,0.184,63,0.356,0,1
cool,c,3,9,244,3,55.4,10,12.7,9.9,6,0.427,112,0.327,0,1
cool,c,3,9,244,4,44.1,1,11.6,6.8,2.5,0.012,5,0.039,0,1
cool,c,3,9,244,5,46.7,10,13,,,0.033,10,0.292,0,1
cool,c,3,9,244,6,39.4,3,9.1,5.9,3.7,0.102,30,0.115,0,1
cool,c,3,9,244,7,50.3,11,11.2,8.4,5,0.292,95,0.227,0,1
cool,c,3,9,244,8,,0,,,,,,,0,1
cool,c,3,9,244,9,77.1,129,13.7,12.5,8.5,1.973,738,4.344,0,1
cool,c,3,9,244,10,49.2,4,12,5.4,3.3,0.048,18,0.074,0,1
cool,c,3,9,244,11,,0,,,,,,,0,1
cool,c,3,9,244,12,,0,,,,,,,0,1
cool,c,3,9,244,13,33.4,2,10.5,7.2,3.4,0.059,16,0.098,0,1
cool,c,3,9,244,14,,0,,,,,,,0,1
cool,c,3,9,244,15,,0,,,,,,,0,1
cool,c,3,9,244,11x,64,8,13.2,9.2,4.7,0.067,26,0.375,1,1
cool,c,3,9,244,12x,46.5,1,10.5,7,2.7,0.107,29,0.065,1,1
cool,c,3,9,244,14x,23.4,1,4.7,4.2,1.5,0.028,8,0.044,1,1
cool,c,3,9,244,15x,22.2,1,0.7,2.7,1.2,0.013,6,0,1,1
cool,c,3,9,244,8x,48.1,5,12.8,8,3.5,0.063,24,0.17,1,1
cool,d,4,3,186,1,7.2,0,,9.1,4.4,,,,0,1
cool,d,4,3,186,2,7.9,0,,2.3,1.2,,,,0,1
cool,d,4,3,186,6,5.1,0,,1.9,0.9,,,,0,1
cool,d,4,3,186,7,3.2,0,,1.1,0.4,,,,0,1
cool,d,4,3,186,8,2.7,0,,2.3,1.1,,,,0,1
cool,d,4,3,186,9,1.4,0,,1.2,0.4,,,,0,1
cool,d,4,3,186,10,3.5,0,,3,1.3,,,,0,1
cool,d,4,3,186,11,19.8,0,,10.2,6.2,,,,0,1
cool,d,4,3,186,12,23.3,0,,8.5,5.2,,,,0,1
cool,d,4,3,186,13,17.7,0,,9.1,4.2,,,,0,1
cool,d,4,3,186,14,14.3,0,,6,3.5,,,,0,1
cool,d,4,3,186,15,15.6,0,,7.2,3.3,,,,0,1
cool,d,4,3,186,3,9.3,0,,3.1,1.5,,,,0,1
cool,d,4,3,186,4,6.3,0,,3.4,2.1,,,,0,1
cool,d,4,3,186,5,7.1,0,,2.6,1.2,,,,0,1
cool,d,4,5,216,1,33.2,13,7.4,12.1,6.5,,,,0,1
cool,d,4,5,216,2,13.7,1,0.7,3.7,1.6,,,,0,1
cool,d,4,5,216,3,15.6,0,10,,,,,,0,1
cool,d,4,5,216,4,12.4,1,0.9,5.3,3.2,,,,0,1
cool,d,4,5,216,5,7.1,0,,,,,,,0,1
cool,d,4,5,216,6,,0,,,,,,,0,1
cool,d,4,5,216,7,,0,,,,,,,0,1
cool,d,4,5,216,8,6.2,1,0.8,6,3.3,,,,0,1
cool,d,4,5,216,9,3.5,0,,1.7,0.7,,,,0,1
cool,d,4,5,216,10,7,1,0.8,4.9,3.5,,,,0,1
cool,d,4,5,216,11,29.5,6,1,12.7,10.1,,,,0,1
cool,d,4,5,216,12,51.1,17,1.1,13.2,9.9,,,,0,1
cool,d,4,5,216,13,46.2,10,3.3,13.4,8,,,,0,1
cool,d,4,5,216,14,53.2,41,11.3,13.8,7.6,,,,0,1
cool,d,4,5,216,15,32.2,1,0.7,7.5,5.2,,,,0,1
cool,d,4,7,228,1,41.2,16,16,10.9,6,,,,0,1
cool,d,4,7,228,2,19,1,2.2,2.6,1.7,,,,0,1
cool,d,4,7,228,6,,0,,,,,,,0,1
cool,d,4,7,228,7,10,1,1.3,2.7,1.2,,,,0,1
cool,d,4,7,228,8,18,4,7.7,4.6,4.1,,,,0,1
cool,d,4,7,228,9,8,0,,1.8,1.1,,,,0,1
cool,d,4,7,228,10,20.2,3,10.5,5.2,6,,,,0,1
cool,d,4,7,228,11,56,15,6.7,14.1,1.1,,,,0,1
cool,d,4,7,228,12,82.8,12,12.8,13.1,9.8,,,,0,1
cool,d,4,7,228,13,61.5,16,14.5,12.1,5.2,,,,0,1
cool,d,4,7,228,14,62.5,46,24.5,14.8,10,,,,0,1
cool,d,4,7,228,15,59.6,26,8,11,7.5,,,,0,1
cool,d,4,7,228,3,,0,,,,,,,0,1
cool,d,4,7,228,4,22,4,7.1,3.9,2.2,,,,0,1
cool,d,4,7,228,5,,0,,,,,,,0,1
cool,d,4,9,235,1,36.7,12,11.7,,,,50,0,0,1
cool,d,4,9,244,1,,,,,,0.148,,0.025,NA,NA
cool,d,4,9,244,2,21.3,1,3.8,2.7,1.2,,7,0.015,0,1
cool,d,4,9,244,6,,0,,,,,,,0,1
cool,d,4,9,244,7,9.7,1,1.2,2.2,1.1,,10,0.003,0,1
cool,d,4,9,244,8,21.2,4,11.5,5.7,3.6,0.067,,0.119,0,1
cool,d,4,9,244,9,,0,,,,,,,0,1
cool,d,4,9,244,10,25,5,15.2,6.4,3.9,0.175,,0.157,0,1
cool,d,4,9,244,11,64.7,31,16.6,12,8.3,0.379,,0.528,0,1
cool,d,4,9,244,12,87.8,146,19,13.5,9.6,1.694,,5.484,0,1
cool,d,4,9,244,13,68.4,15,15.8,11.8,8.4,3.336,705,1.823,0,1
cool,d,4,9,244,14,70.5,44,24.6,14.7,9.4,2.979,559,3.244,0,1
cool,d,4,9,244,15,73.7,38,22,11.4,5,0.162,,1.525,0,1
cool,d,4,9,244,3,,0,,,,,,,0,1
cool,d,4,9,244,4,,0,,,,,,,0,1
cool,d,4,9,244,5,,0,,,,,,,0,1
cool,d,4,9,244,15X,,,,,,0.04,,0,NA,NA
cool,d,4,9,244,3x,35.4,4,9.3,6.5,2.9,0.092,,0.107,1,1
cool,d,4,9,244,4x,25,1,6.3,3.8,2.2,0.023,,0.038,1,1
cool,d,4,9,244,5x,61.4,14,14.9,8.5,5.5,0.367,,0.394,1,1
cool,d,4,9,244,6x,26.4,29,16.2,7.7,3.5,0.41,,0.991,1,1
cool,d,4,9,244,9x,13.9,1,4.5,2.2,1.7,,6,0.023,1,1
cool,e,5,3,186,1,4.3,0,,1.3,0.8,,,,0,1
cool,e,5,3,186,1,7.2,0,,9.4,3.5,,,,0,1
cool,e,5,3,186,2,7.5,0,,2.1,0.7,,,,0,1
cool,e,5,3,186,3,9,0,,3.2,1.3,,,,0,1
cool,e,5,3,186,4,7.4,0,,0.8,0.4,,,,0,1
cool,e,5,3,186,6,3.1,0,,1.8,1,,,,0,1
cool,e,5,3,186,7,6,0,,1.3,1,,,,0,1
cool,e,5,3,186,8,6.4,0,,1.8,1.1,,,,0,1
cool,e,5,3,186,9,8.3,0,,1.8,0.9,,,,0,1
cool,e,5,3,186,11,10,0,,3,1.5,,,,0,1
cool,e,5,3,186,12,8.5,0,,2.6,1.5,,,,0,1
cool,e,5,3,186,13,5.5,0,,1.9,1,,,,0,1
cool,e,5,3,186,14,10,0,,1.9,1.3,,,,0,1
cool,e,5,3,186,10,5.4,0,,2.2,1.4,,,,0,1
cool,e,5,3,186,15,7.6,0,,3.1,1.5,,,,0,1
cool,e,5,3,186,5,5.2,0,,1.3,0.5,,,,0,1
cool,e,5,5,215,1,11.2,0,,1.7,1.1,,,,0,1
cool,e,5,5,215,2,11.2,0,,1.6,1.1,,,,0,1
cool,e,5,5,215,3,15.4,0,,2.5,1.3,,,,0,1
cool,e,5,5,215,4,11.5,0,,1.8,1.2,,,,0,1
cool,e,5,5,215,6,8.4,1,0.2,2.3,1.7,,,,0,1
cool,e,5,5,215,7,11.7,1,0.6,2.7,1.9,,,,0,1
cool,e,5,5,215,8,13.2,0,,3.2,1.7,,,,0,1
cool,e,5,5,215,9,13.7,0,,3.4,1.7,,,,0,1
cool,e,5,5,215,11,21.1,1,0.7,4.9,1.3,,,,0,1
cool,e,5,5,215,12,18.6,1,0.7,2.9,2,,,,0,1
cool,e,5,5,215,5,5.4,0,,1.1,0.6,,,,0,1
cool,e,5,5,215,10,12.5,0,,2.9,1.9,,,,0,1
cool,e,5,5,215,13,8.5,0,,2.2,1.2,,,,0,1
cool,e,5,5,215,14,22.7,1,0.7,2.2,1.5,,,,0,1
cool,e,5,5,215,15,20.7,1,1.5,3.1,1.9,,,,0,1
cool,e,5,7,228,1,16,1,0.2,1.4,1,,,,0,1
cool,e,5,7,228,2,14.2,1,0.2,1.7,1,,,,0,1
cool,e,5,7,228,3,21.4,1,1.1,2.4,1.3,,,,0,1
cool,e,5,7,228,4,14.7,1,0.1,2.2,1,,,,0,1
cool,e,5,7,228,6,14,1,1.2,2.4,1.8,,,,0,1
cool,e,5,7,228,7,18.3,1,2.7,2.9,1.8,,,,0,1
cool,e,5,7,228,8,18.6,1,1.2,3,1.7,,,,0,1
cool,e,5,7,228,9,19.4,1,0.6,3.8,1.7,,,,0,1
cool,e,5,7,228,11,28.3,1,3.4,2.9,1.6,,,,0,1
cool,e,5,7,228,12,26.7,1,3.6,3.1,2.2,,,,0,1
cool,e,5,7,228,13,16.6,1,1.2,1.9,1.2,,,,0,1
cool,e,5,7,228,14,28.4,1,2.2,2.1,1.5,,,,0,1
cool,e,5,7,228,10,17.5,1,0.7,2.7,2.1,,,,0,1
cool,e,5,7,228,15,5.2,0,,1.3,1,,,,0,1
cool,e,5,7,228,5,6.8,1,0.2,1.3,0.7,,,,0,1
cool,e,5,9,235,1,16.7,1,0.2,1.3,0.9,,2,0.001,0,1
cool,e,5,9,235,2,16.2,1,0.2,1.7,1,,2,0,0,1
cool,e,5,9,235,4,16.7,1,0.2,1.4,0.9,,1,,0,1
cool,e,5,9,235,10,17.4,1,1.3,2.8,1.7,,2,0,0,1
cool,e,5,9,235,15,4.5,0,,1.2,1.1,,,,0,1
cool,e,5,9,235,5,6,1,0.2,1.2,0.6,,4,0,0,1
cool,e,5,9,244,3,,0,,,,,,,0,1
cool,e,5,9,244,6,18.5,1,3.1,2.4,2.1,,,,0,1
cool,e,5,9,244,7,21.3,1,5,2.7,1.7,,,,0,1
cool,e,5,9,244,8,22.4,1,3.1,2.7,2.2,,,,0,1
cool,e,5,9,244,9,28.5,1,5.1,3.7,1.9,,,,0,1
cool,e,5,9,244,14,29.5,1,2.3,2.3,1.5,0.012,6,0.005,0,1
cool,e,5,9,244,15,,,,,,0.006,3,0,NA,NA
cool,e,5,9,244,3x,31.2,1,6.6,4.3,2.3,0.02,6,0.025,1,1
cool,e,5,9,244,5x,19.5,1,1.3,2,1.3,,4,0.019,1,1
cool,e,5,9,244,6x,25.9,1,4.3,2.2,1.5,,5,0.001,1,0
cool,e,5,9,244,7x,40.4,1,7.2,4,2.5,,5,0.001,1,0
cool,e,5,9,244,8x,33.7,1,6.2,4.2,3.3,,4,0.01,1,0
cool,e,5,9,244,9x,41.2,1,8.5,4.3,2.2,,5,0.035,1,1
cool,e ,5,9,244,11,29,1,3.5,3.6,1.2,,6,0.007,0,1
cool,e ,5,9,244,12,28.5,1,5.5,3.4,1.2,,5,0.013,0,1
cool,e ,5,9,244,13,18.7,1,2.1,1.5,1,,5,0.003,0,1
cool,f,6,3,186,3,24,0,,6.1,2.8,,,,0,1
cool,f,6,3,186,4,23.1,0,,3.1,1.4,,,,0,1
cool,f,6,3,186,6,12.8,0,,4.5,1.5,,,,0,1
cool,f,6,3,186,7,9.7,0,,2.2,1.2,,,,0,1
cool,f,6,3,186,8,24,0,,5,2.6,,,,0,1
cool,f,6,3,186,9,18.1,0,,7.4,3.4,,,,0,1
cool,f,6,3,186,10,17,0,,2.5,1.2,,,,0,1
cool,f,6,3,186,2,10.9,0,,6.6,2.9,,,,0,1
cool,f,6,3,186,5,18.1,0,,9.6,4.7,,,,0,1
cool,f,6,3,186,11,8,0,,3.9,2.3,,,,0,1
cool,f,6,3,186,12,19.9,0,,6.5,3.5,,,,0,1
cool,f,6,3,186,13,15.2,0,,7.4,3.2,,,,0,1
cool,f,6,3,186,14,18.5,0,,7.9,3.9,,,,0,1
cool,f,6,3,186,15,15.8,0,,5.3,3.1,,,,0,1
cool,f,6,5,214,1,66,10,,14.1,,,,,0,1
cool,f,6,5,214,2,46,7,,6.9,,,,,0,1
cool,f,6,5,214,3,64,5,,7.3,,,,,0,1
cool,f,6,5,214,4,34.4,1,,3.2,,,,,0,1
cool,f,6,5,214,5,60.3,32,,14.1,,,,,0,1
cool,f,6,5,214,6,39.9,2,,4.2,,,,,0,1
cool,f,6,5,214,7,19.3,1,,3,,,,,0,1
cool,f,6,5,214,8,37.7,1,,5.4,,,,,0,1
cool,f,6,5,214,9,24.3,1,,4.9,,,,,0,1
cool,f,6,5,214,10,41.5,1,,5.3,,,,,0,1
cool,f,6,5,214,11,37.2,3,,8.3,,,,,0,1
cool,f,6,5,214,12,65.5,12,,8.1,,,,,0,1
cool,f,6,5,214,13,52.2,7,,8.8,,,,,0,1
cool,f,6,5,214,14,56.6,7,,7.2,,,,,0,1
cool,f,6,5,214,15,52.3,6,,8,,,,,0,1
cool,f,6,7,230,1,85.7,50,19.5,12.5,7,,,,0,1
cool,f,6,7,230,2,61.7,13,19.7,7,5.4,,,,0,1
cool,f,6,7,230,3,70.6,5,18.7,7.6,3.7,,,,0,1
cool,f,6,7,230,4,38.8,1,5.3,2.7,1.5,,,,0,1
cool,f,6,7,230,5,73.7,56,22,10.4,6.7,,,,0,1
cool,f,6,7,230,6,49.5,2,14.4,4.6,2.5,,,,0,1
cool,f,6,7,230,7,22.2,1,4.7,1.5,1,,,,0,1
cool,f,6,7,230,8,44.2,1,10.3,6.3,3.5,,,,0,1
cool,f,6,7,230,9,34,1,4.8,3.5,1.8,,,,0,1
cool,f,6,7,230,10,32.7,1,2.7,3,1.6,,,,0,1
cool,f,6,7,230,11,49.6,4,10.5,5.8,3.7,,,,0,1
cool,f,6,7,230,12,80.1,14,17.5,9.5,4.5,,,,0,1
cool,f,6,7,230,13,75.2,19,16.2,10,5.2,,,,0,1
cool,f,6,7,230,14,61.4,12,5.5,7.3,4.5,,,,0,1
cool,f,6,7,230,15,72.1,9,17.7,8,5.5,,,,0,1
cool,f,6,9,245,1,88.1,44,21.6,13.8,8.4,1.487,564,1.746,0,1
cool,f,6,9,245,3,69.6,5,17.2,6.7,3.6,0.167,,0.215,0,1
cool,f,6,9,245,4,38.2,1,5.6,3,1.8,0.029,,0.008,0,1
cool,f,6,9,245,6,,0,,,,,13,,0,1
cool,f,6,9,245,7,,0,,,,,,,0,1
cool,f,6,9,245,8,59.3,1,4,3.3,2.2,,11,0.003,0,1
cool,f,6,9,245,9,,0,,,,,,,0,1
cool,f,6,9,245,10,,0,,,,,,,0,1
cool,f,6,9,245,5,75.5,51,21.4,10.1,6,1.579,598,1.927,0,1
cool,f,6,9,245,11,51.6,4,12.5,5.5,3.5,0.111,,0.05,0,1
cool,f,6,9,245,12,77.3,13,9.2,7.7,4.3,1.15,,0.271,0,1
cool,f,6,9,245,13,75.9,15,16.2,10.1,5.2,0.735,,0.316,0,1
cool,f,6,9,245,14,59.4,0,,6.3,4.4,0.726,,0,0,1
cool,f,6,9,245,15,70.5,7,17.6,8.1,4.8,0.756,,0.409,0,1
cool,f,6,9,245,10x,80.9,36,17.2,10,6.7,0.447,,1.581,1,1
cool,f,6,9,245,6x,70.2,6,17,7.1,5.8,0.377,,0.263,1,1
cool,f,6,9,245,7x,37.8,1,6,3,2.4,,9,0.014,1,1
cool,f,6,9,245,9x,51,11,16.5,5.5,1.7,0.627,,0.047,1,1
cool,g,7,2,179,1,,0,,2.5,1.5,,,,0,1
cool,g,7,2,179,2,2.9,0,,3,2.1,,,,0,1
cool,g,7,2,179,3,3.3,0,,3,1.5,,,,0,1
cool,g,7,2,179,4,6.4,0,,11.2,4.6,,,,0,1
cool,g,7,2,179,5,3.3,0,,6.7,3.2,,,,0,1
cool,g,7,2,179,6,3.4,0,,5.6,2.1,,,,0,1
cool,g,7,2,179,7,4.1,0,,2.5,1.5,,,,0,1
cool,g,7,2,179,8,4.8,0,,2.4,1.5,,,,0,1
cool,g,7,2,179,9,5.2,0,,5,2.3,,,,0,1
cool,g,7,2,179,10,4.8,0,,1.9,1.3,,,,0,1
cool,g,7,2,179,11,7.6,0,,2.5,1.2,,,,0,1
cool,g,7,2,179,12,1.4,0,,2.2,0.5,,,,0,1
cool,g,7,2,179,13,2.9,0,,4.6,2.9,,,,0,1
cool,g,7,2,179,14,1.3,0,,2.6,1.4,,,,0,1
cool,g,7,2,179,15,1.2,0,,1.8,1.2,,,,0,1
cool,g,7,3,189,1,3.6,0,,2.4,1.8,,,,0,1
cool,g,7,3,189,2,3.9,0,,3.5,1.9,,,,0,1
cool,g,7,3,189,3,3.8,0,,3.7,1.6,,,,0,1
cool,g,7,3,189,4,5.5,0,,11.6,7.1,,,,0,1
cool,g,7,3,189,5,2.8,0,,6.9,3.8,,,,0,1
cool,g,7,3,189,6,3.1,0,,6.9,3.1,,,,0,1
cool,g,7,3,189,7,5.2,0,,3.1,2.4,,,,0,1
cool,g,7,3,189,8,3.6,0,,3.1,2.1,,,,0,1
cool,g,7,3,189,9,5.8,0,,5.5,2.9,,,,0,1
cool,g,7,3,189,10,4.6,0,,2.2,1.1,,,,0,1
cool,g,7,3,189,11,4.1,0,,2.5,0.8,,,,0,1
cool,g,7,3,189,12,1.4,0,,3.1,1.5,,,,0,1
cool,g,7,3,189,13,11.2,0,,5.1,3,,,,0,1
cool,g,7,3,189,14,1.9,0,,3.1,2.1,,,,0,1
cool,g,7,3,189,15,1.2,0,,2.1,1.4,,,,0,1
cool,g,7,5,216,1,12.2,0,,5.2,3.3,,,,0,1
cool,g,7,5,216,2,15.8,6,1.7,5.9,3.4,,,,0,1
cool,g,7,5,216,3,9.8,4,1.1,5.1,2.2,,,,0,1
cool,g,7,5,216,4,37.5,63,1.9,16.4,7.5,,,,0,1
cool,g,7,5,216,5,10.2,4,1,8.2,3.1,,,,0,1
cool,g,7,5,216,6,8.3,1,0.7,7.5,3.2,,,,0,1
cool,g,7,5,216,7,9,3,0.7,4.8,3.1,,,,0,1
cool,g,7,5,216,8,8.2,1,0.2,2.9,1.7,,,,0,1
cool,g,7,5,216,9,15.5,4,1,6.9,2.8,,,,0,1
cool,g,7,5,216,10,8.5,1,0.5,3.4,1,,,,0,1
cool,g,7,5,216,11,7.5,0,,3.1,2.2,,,,0,1
cool,g,7,5,216,12,12.6,4,2.7,6.1,4.2,,,,0,1
cool,g,7,5,216,13,25.7,3,1.5,7.9,4.3,,,,0,1
cool,g,7,5,216,14,4.1,1,0.3,3.6,2.5,,,,0,1
cool,g,7,5,216,15,3.2,1,0.2,3,2.2,,,,0,1
cool,g,7,7,230,1,24.4,2,0.6,7.3,4.7,,,,0,1
cool,g,7,7,230,2,28.2,8,11.6,6,3.3,,,,0,1
cool,g,7,7,230,3,23.3,4,7,6.2,3.3,,,,0,1
cool,g,7,7,230,4,49.9,145,13.2,15,7.2,,,,0,1
cool,g,7,7,230,5,22.5,5,3.8,8.9,3,,,,0,1
cool,g,7,7,230,6,19.9,5,3.8,5.6,3,,,,0,1
cool,g,7,7,230,7,18.2,2,3.2,3.7,1.3,,,,0,1
cool,g,7,7,230,8,21.2,9,5.3,4.8,3.2,,,,0,1
cool,g,7,7,230,9,27.5,8,4.9,5,2.5,,,,0,1
cool,g,7,7,230,10,13.7,1,1.4,3,1.2,,,,0,1
cool,g,7,7,230,11,14.4,1,1.1,3.8,1.9,,,,0,1
cool,g,7,7,230,12,23.4,4,8.8,5.6,2.7,,,,0,1
cool,g,7,7,230,13,36.5,6,7.2,7.9,5.5,,,,0,1
cool,g,7,7,230,14,13.8,1,3.3,3.8,1.9,,,,0,1
cool,g,7,7,230,15,10,1,2.2,3.7,2.6,,,,0,1
cool,g,7,9,245,1,32.9,0,,7.8,3.2,0.299,,0,0,1
cool,g,7,9,245,2,30.8,9,13.3,5.7,2.5,0.281,,0.279,0,1
cool,g,7,9,245,3,26,4,9.2,6.2,1.4,0.035,,0.065,0,1
cool,g,7,9,245,4,56.5,113,17.4,16.5,8.5,1.312,436,6.01,0,1
cool,g,7,9,245,5,26.5,6,7.4,9,3.2,0.046,,0.062,0,1
cool,g,7,9,245,6,27,5,8.8,6,2.8,0.055,,0.094,0,1
cool,g,7,9,245,7,21.8,9,6.3,4.3,2.2,0.081,,0.035,0,1
cool,g,7,9,245,8,21.2,1,5.8,3,1.2,,4,0.031,0,1
cool,g,7,9,245,9,31.8,6,9.2,4.8,2,,4,0.099,0,1
cool,g,7,9,245,10,13.4,,,,,,,,0,1
cool,g,7,9,245,11,24.1,1,4.8,3.7,2.4,,19,0.06,0,1
cool,g,7,9,245,12,24,4,9.3,6.3,4,,4,0.02,0,1
cool,g,7,9,245,13,42.1,6,10,7.8,5.2,0.11,,0.199,0,1
cool,g,7,9,245,14,19.4,1,6.7,4.4,2.7,,14,0.033,0,1
cool,g,7,9,245,15,17.4,1,5.2,3.5,2.3,0.014,,0.013,0,1
cool,g,7,9,245,10x,60,38,19.5,8.2,4.3,0.273,,0.952,1,1
cool,h,8,2,179,1,11.5,0,,12.4,6.6,,,,0,1
cool,h,8,2,179,2,28,0,,14.6,5.9,,,,0,1
cool,h,8,2,179,3,15.4,0,,12.5,8.1,,,,0,1
cool,h,8,2,179,4,17.9,0,,11.5,7,,,,0,1
cool,h,8,2,179,6,13.4,0,,8.8,4.6,,,,0,1
cool,h,8,2,179,7,9.3,0,,3,1.9,,,,0,1
cool,h,8,2,179,8,13.6,0,,5.1,3.9,,,,0,1
cool,h,8,2,179,9,12.8,0,,3.2,2.3,,,,0,1
cool,h,8,2,179,12,16.6,0,,9.7,6.8,,,,0,1
cool,h,8,2,179,13,9.6,0,,6.9,3.8,,,,0,1
cool,h,8,2,179,14,20.6,0,,11.9,6.2,,,,0,1
cool,h,8,2,179,15,15.1,0,,11.2,5.4,,,,0,1
cool,h,8,2,179,5,9.8,0,,9.9,5.7,,,,0,1
cool,h,8,2,179,10,20.6,0,,11.1,6,,,,0,1
cool,h,8,2,179,11,3.5,0,,5.8,3,,,,0,1
cool,h,8,3,189,1,24.2,0,,7.1,6.9,,,,0,1
cool,h,8,3,189,2,42,0,,13.5,6.9,,,,0,1
cool,h,8,3,189,3,34.1,0,,14.9,8.9,,,,0,1
cool,h,8,3,189,4,29.1,0,,11.9,10.9,,,,0,1
cool,h,8,3,189,6,10.5,0,,5.4,2.6,,,,0,1
cool,h,8,3,189,7,11.6,0,,3.7,2.1,,,,0,1
cool,h,8,3,189,8,16.9,0,,6.4,4.6,,,,0,1
cool,h,8,3,189,9,14.3,0,,3.5,3.1,,,,0,1
cool,h,8,3,189,12,22.5,0,,10.4,6.1,,,,0,1
cool,h,8,3,189,13,19.9,0,,10.4,5.9,,,,0,1
cool,h,8,3,189,14,27.4,0,,13.2,6.9,,,,0,1
cool,h,8,3,189,15,23.1,0,,12.2,7.1,,,,0,1
cool,h,8,3,189,5,16.1,0,,11.4,7.1,,,,0,1
cool,h,8,3,189,11,5.1,0,,4.1,2.5,,,,0,1
cool,h,8,3,192,10,36.3,0,,10.2,7.1,,,,0,1
cool,h,8,5,216,1,56.2,7,0.8,11.3,4.3,,,,0,1
cool,h,8,5,216,2,74.5,48,6.7,15.4,6.2,,,,0,1
cool,h,8,5,216,3,69.1,26,6.7,12,6.5,,,,0,1
cool,h,8,5,216,4,55.3,7,1.7,14.6,9.5,,,,0,1
cool,h,8,5,216,6,30.2,1,2.2,5.7,2.3,,,,0,1
cool,h,8,5,216,7,24.7,4,1.2,5.1,3.3,,,,0,1
cool,h,8,5,216,8,41,6,4.2,9.2,4.8,,,,0,1
cool,h,8,5,216,9,27,1,1.2,4.6,2.7,,,,0,1
cool,h,8,5,216,12,56.2,11,5.4,11.3,5.2,,,,0,1
cool,h,8,5,216,13,30.5,3,0.6,14.2,6.8,,,,0,1
cool,h,8,5,216,14,72.8,10,7.6,12.2,7.4,,,,0,1
cool,h,8,5,216,15,58.2,18,4.1,12,8.4,,,,0,1
cool,h,8,5,216,5,56,24,7.2,15.5,10.5,,,,0,1
cool,h,8,5,216,10,68.4,103,3.3,12.6,5.8,,,,0,1
cool,h,8,5,216,11,30.7,6,1.5,8.9,4.5,,,,0,1
cool,h,8,7,230,1,48.4,5,0.6,8.7,2.2,,,,0,1
cool,h,8,7,230,2,81.7,49,13.7,13.6,6.7,,,,0,1
cool,h,8,7,230,3,75.1,29,13.7,12.3,6.8,,,,0,1
cool,h,8,7,230,4,73.9,8,11,12.5,8.7,,,,0,1
cool,h,8,7,230,6,35.2,1,6.2,4.8,2.3,,,,0,1
cool,h,8,7,230,7,29.5,2,3.2,3.9,2.3,,,,0,1
cool,h,8,7,230,8,48,4,9.1,7,3.6,,,,0,1
cool,h,8,7,230,9,36.2,1,4.5,4.3,2.7,,,,0,1
cool,h,8,7,230,12,61.2,12,10.6,11.2,6.4,,,,0,1
cool,h,8,7,230,13,35.4,4,2.2,13.5,5.7,,,,0,1
cool,h,8,7,230,14,72.5,8,17.3,13.6,7.5,,,,0,1
cool,h,8,7,230,15,64.8,15,10.8,12.5,6.6,,,,0,1
cool,h,8,7,230,5,73.7,17,11.1,15.1,8.3,,,,0,1
cool,h,8,7,230,10,76.8,85,9.5,10.5,5.3,,,,0,1
cool,h,8,7,230,11,42.2,6,5.3,8.4,6,,,,0,1
cool,h,8,9,245,1,,0,,,,,,,0,1
cool,h,8,9,245,2,81.7,50,13.8,13.4,9.2,,143,,0,1
cool,h,8,9,245,3,75.5,33,13.7,12.2,5.5,,161,,0,1
cool,h,8,9,245,4,77,13,8.4,13.4,8.5,,66,,0,1
cool,h,8,9,245,6,45.5,1,4.2,5.3,3,,17,,0,1
cool,h,8,9,245,7,31.5,2,2.2,3.7,2.2,,29,,0,1
cool,h,8,9,245,8,45.2,5,6.6,9.4,4.7,,31,,0,1
cool,h,8,9,245,9,,0,,,,,,,0,1
cool,h,6,9,245,2,59,11,20.4,6.5,4.8,0.495,,0.65,0,1
cool,h,8,9,245,12,48.5,12,8.8,10.8,6.7,0.349,,0.206,0,1
cool,h,8,9,245,13,46.3,4,1.9,10.8,,0,0,0.078,0,1
cool,h,8,9,245,14,68.2,8,17.1,13.8,7.8,0.117,,0.278,0,1
cool,h,8,9,245,15,65.7,16,11.5,13.2,7.5,0.195,,0.452,0,1
cool,h,8,9,245,5,71.5,18,9.8,12.5,8.4,0.978,,0.739,0,1
cool,h,8,9,245,10,76.7,76,11.5,10.2,6,0.143,,0.096,0,1
cool,h,8,9,245,11,47.5,7,8.8,8.6,5.7,0.83,,1.182,0,1
cool,h,8,9,245,1x,31.5,1,7,4.5,2.6,,4,0.06,1,1
cool,h,8,9,245,2x,67.7,16,15.7,14,6.2,0.297,,0.674,1,1
cool,h,8,9,245,3x,45.7,20,5.5,7.6,4,0.339,,0.246,1,1
cool,h,8,9,245,4x,18.4,4,1.7,4.5,2.3,,5,0.039,1,1
cool,h,8,9,245,6x,92,75,13.3,13.3,7.4,0.739,,1.464,1,0
cool,h,8,9,245,7x,82.7,47,15.2,11,5.2,0.402,,1.374,1,0
cool,h,8,9,245,8x,53.7,11,14.5,9.7,4,0.025,,0.301,1,0
cool,h,8,9,245,9x,89.8,56,12.8,16,7,0.238,,1.848,1,0
intermediate,a,9,3,189,1,19.2,0,,4.3,2.1,,,,0,1
intermediate,a,9,3,189,2,11,0,,4.4,3.2,,,,0,1
intermediate,a,9,3,189,3,12.1,0,,4.4,2.5,,,,0,1
intermediate,a,9,3,189,4,15.6,0,,4.3,1.5,,,,0,1
intermediate,a,9,3,189,5,22.2,0,,7,3.6,,,,0,1
intermediate,a,9,3,189,6,18.1,0,,5.1,4,,,,0,1
intermediate,a,9,3,189,7,14.6,0,,6.8,3.5,,,,0,1
intermediate,a,9,3,189,8,14.5,0,,4.5,3.5,,,,0,1
intermediate,a,9,3,189,9,15.8,0,,5.5,4,,,,0,1
intermediate,a,9,3,189,10,15.5,0,,7.2,4.1,,,,0,1
intermediate,a,9,3,189,11,8.3,0,,3.1,1.8,,,,0,1
intermediate,a,9,3,189,12,22.1,0,,6.1,2.1,,,,0,1
intermediate,a,9,3,189,13,17.4,0,,6.9,3.3,,,,0,1
intermediate,a,9,3,189,14,5.6,0,,2,0.6,,,,0,1
intermediate,a,9,3,189,15,12.4,0,,3.9,2.5,,,,0,1
intermediate,a,9,3,200,1,21.5,0,,4.8,1,,,,0,1
intermediate,a,9,3,200,2,14.3,0,,3.1,0.5,,,,0,1
intermediate,a,9,3,200,3,22.9,0,,3.8,1.5,,,,0,1
intermediate,a,9,3,200,4,23,0,,4.5,1,,,,0,1
intermediate,a,9,3,200,5,12.3,0,,3.1,0.5,,,,0,1
intermediate,a,9,3,200,6,17.6,0,,4.6,1.3,,,,0,1
intermediate,a,9,3,200,7,15.6,0,,5.1,2.1,,,,0,1
intermediate,a,9,3,200,8,16.5,0,,2,1,,,,0,1
intermediate,a,9,3,200,9,17.6,0,,3.9,1,,,,0,1
intermediate,a,9,3,200,10,17,0,,7.3,1.6,,,,0,1
intermediate,a,9,3,200,11,18.1,0,,5.6,2.5,,,,0,1
intermediate,a,9,3,200,12,23.1,0,,4.1,1.7,,,,0,1
intermediate,a,9,3,200,13,19.5,0,,5.1,1,,,,0,1
intermediate,a,9,3,200,14,9.1,0,,2.9,1,,,,0,1
intermediate,a,9,3,200,15,14.8,0,,2.1,0.4,,,,0,1
intermediate,a,9,5,214,1,27,0,,4.1,,,,,0,1
intermediate,a,9,5,214,2,32.3,6,,6.1,,,,,0,1
intermediate,a,9,5,214,3,18.5,1,,3.9,,,,,0,1
intermediate,a,9,5,214,4,19,0,,,,,,,0,1
intermediate,a,9,5,214,5,25.4,0,,4.2,,,,,0,1
intermediate,a,9,5,214,6,31.1,5,,6.7,,,,,0,1
intermediate,a,9,5,214,7,20.2,1,,6,,,,,0,1
intermediate,a,9,5,214,8,20.1,0,,,,,,,0,1
intermediate,a,9,5,214,9,21,0,,5.1,,,,,0,1
intermediate,a,9,5,214,10,22.5,0,,7.7,,,,,0,1
intermediate,a,9,5,214,11,27.5,0,,,,,,,0,1
intermediate,a,9,5,214,12,26.4,0,,,,,,,0,1
intermediate,a,9,5,214,13,24.4,0,,,,,,,0,1
intermediate,a,9,5,214,14,12,0,,,,,,,0,1
intermediate,a,9,5,214,15,17,0,,,,,,,0,1
intermediate,a,9,7,228,1,,0,,,,,,,0,1
intermediate,a,9,7,228,2,,0,,,,,,,0,1
intermediate,a,9,7,228,3,30.5,3,7.4,5.3,4.5,,,,0,1
intermediate,a,9,7,228,4,,0,,,,,,,0,1
intermediate,a,9,7,228,5,36.2,5,4.7,5.8,3.8,,,,0,1
intermediate,a,9,7,228,6,,0,,,,,,,0,1
intermediate,a,9,7,228,7,44,12,16.1,7.4,4.5,,,,0,1
intermediate,a,9,7,228,8,,0,,,,,,,0,1
intermediate,a,9,7,228,9,,0,,,,,,,0,1
intermediate,a,9,7,228,10,,0,,,,,,,0,1
intermediate,a,9,7,228,11,50.8,9,16.3,8.4,6,,,,0,1
intermediate,a,9,7,228,12,23,0,,2.3,1.5,,,,0,1
intermediate,a,9,7,228,13,,0,,,,,,,0,1
intermediate,a,9,7,228,14,,0,,,,,,,0,1
intermediate,a,9,7,228,15,,0,,,,,,,0,1
intermediate,a,9,9,244,2,,,,,,0.505,,0.16,NA,NA
intermediate,a,9,9,244,5,,,,,,0.099,,0.194,NA,NA
intermediate,a,9,9,244,7,,,,,,0.575,,0.397,NA,NA
intermediate,a,9,9,244,11,,,,,,0.848,586,0.604,NA,NA
intermediate,a,9,9,244,12X,,,,,,0.753,,0.286,NA,NA
intermediate,a,9,9,244,13X,,,,,,0.261,,0.515,NA,NA
intermediate,a,9,9,244,14X,,,,,,0.771,,0.245,NA,NA
intermediate,a,9,9,244,15X,,,,,,0.961,,0.657,NA,NA
intermediate,a,9,9,244,1X,,,,,,0.051,,0.159,NA,NA
intermediate,a,9,9,244,3X,,,,,,,7,0.022,NA,NA
intermediate,a,9,9,244,4x,,,,,,0.189,,0.249,NA,NA
intermediate,a,9,9,244,6X,,,,,,1.212,429,0.621,NA,NA
intermediate,a,9,9,244,8X,,,,,,0.437,,0.199,NA,NA
intermediate,a,9,9,244,9X,,,,,,0.756,,0.267,NA,NA
intermediate,b,10,3,189,2,17.9,0,,4.3,0.7,,,,0,1
intermediate,b,10,3,189,3,30.4,0,,12.5,5.8,,,,0,1
intermediate,b,10,3,189,4,24.6,0,,5.9,3.3,,,,0,1
intermediate,b,10,3,189,5,29.6,0,,5.9,4.1,,,,0,1
intermediate,b,10,3,189,6,16.1,0,,3.4,1.1,,,,0,1
intermediate,b,10,3,189,7,21.8,0,,2.6,2.1,,,,0,1
intermediate,b,10,3,189,8,26.8,0,,9.3,4.9,,,,0,1
intermediate,b,10,3,189,9,29.4,0,,3.5,2.6,,,,0,1
intermediate,b,10,3,189,10,17.6,0,,6.8,4.3,,,,0,1
intermediate,b,10,3,189,11,13.6,0,,4.9,3.5,,,,0,1
intermediate,b,10,3,189,12,8.3,0,,2.6,1.1,,,,0,1
intermediate,b,10,3,189,13,10.5,0,,2.3,1.9,,,,0,1
intermediate,b,10,3,189,14,17.9,0,,5.6,2.6,,,,0,1
intermediate,b,10,3,189,15,14.5,0,,5.4,3,,,,0,1
intermediate,b,10,3,200,1,29.1,0,,3.7,2.3,,,,0,1
intermediate,b,10,3,200,2,40.1,0,,8.1,4.5,,,,0,1
intermediate,b,10,3,200,3,38.3,0,,13.1,6.4,,,,0,1
intermediate,b,10,3,200,4,27.3,0,,6.8,3,,,,0,1
intermediate,b,10,3,200,5,35.2,0,,6.2,3.6,,,,0,1
intermediate,b,10,3,200,6,26.1,0,,3.6,1.6,,,,0,1
intermediate,b,10,3,200,7,26.1,0,,3.5,1.2,,,,0,1
intermediate,b,10,3,200,8,35.8,0,,13,5,,,,0,1
intermediate,b,10,3,200,9,32.3,0,,4.3,3.1,,,,0,1
intermediate,b,10,3,200,10,26.1,0,,7.3,4.3,,,,0,1
intermediate,b,10,3,200,11,18.1,0,,7.1,3.1,,,,0,1
intermediate,b,10,3,200,12,16.1,0,,3.1,2.1,,,,0,1
intermediate,b,10,3,200,13,11.9,0,,1.5,1,,,,0,1
intermediate,b,10,3,200,14,10.6,0,,6.5,3.1,,,,0,1
intermediate,b,10,3,200,15,20.5,0,,6.1,3,,,,0,1
intermediate,b,10,5,216,1,,0,,,,,,,0,1
intermediate,b,10,5,216,2,,0,,,,,,,0,1
intermediate,b,10,5,216,3,,0,,,,,,,0,1
intermediate,b,10,5,216,4,40.5,7,0.7,7,3.2,,,,0,1
intermediate,b,10,5,216,5,32.6,0,,5.5,3.2,,,,0,1
intermediate,b,10,5,216,6,,0,,,,,,,0,1
intermediate,b,10,5,216,7,32.7,0,,5.7,2.5,,,,0,1
intermediate,b,10,5,216,8,19.7,1,0.7,4.4,2.5,,,,0,1
intermediate,b,10,5,216,9,15.5,0,1,1.6,0.7,,,,0,1
intermediate,b,10,5,216,10,,0,,,,,,,0,1
intermediate,b,10,5,216,11,37.7,6,3.3,9.9,5.2,,,,0,1
intermediate,b,10,5,216,12,30.5,1,0.5,4.6,2.4,,,,0,1
intermediate,b,10,5,216,13,33.2,0,,5.1,3.2,,,,0,1
intermediate,b,10,5,216,14,,0,,,,,,,0,1
intermediate,b,10,5,216,15,44.4,5,8,6.8,3.7,,,,0,1
intermediate,b,10,7,228,1,43.6,2,4.1,5.8,4.6,,,,0,1
intermediate,b,10,7,228,2,,0,,,,,,,0,1
intermediate,b,10,7,228,3,,0,,,,,,,0,1
intermediate,b,10,7,228,4,34.2,3,0.5,7.5,4,,,,0,1
intermediate,b,10,7,228,5,33,0,,4,2.2,,,,0,1
intermediate,b,10,7,228,6,,0,,,,,,,0,1
intermediate,b,10,7,228,7,32,1,2.3,6.8,4.2,,,,0,1
intermediate,b,10,7,228,8,25.7,1,3.4,4.2,2.1,,,,0,1
intermediate,b,10,7,228,9,,0,,,,,,,0,1
intermediate,b,10,7,228,10,,0,,,,,,,0,1
intermediate,b,10,7,228,11,57.4,6,12.5,9.5,4,,,,0,1
intermediate,b,10,7,228,12,,0,,,,,,,0,1
intermediate,b,10,7,228,13,,0,,,,,,,0,1
intermediate,b,10,7,228,14,,0,,,,,,,0,1
intermediate,b,10,7,228,15,48.7,5,12.2,6.1,3.1,,,,0,1
intermediate,b,10,9,244,1,52.2,2,10.1,6.7,3.8,0.204,66,0.092,0,0
intermediate,b,10,9,244,2,,0,,,,,,,0,0
intermediate,b,10,9,244,3,,0,,,,,,,0,0
intermediate,b,10,9,244,4,43.1,4,5.5,3.9,1.8,0.099,31,0.087,0,0
intermediate,b,10,9,244,5,49.2,5,4.8,4.4,3.7,,,,0,0
intermediate,b,10,9,244,6,,0,,,,,,,0,0
intermediate,b,10,9,244,7,42,1,9.7,7.2,4.3,,27,,0,0
intermediate,b,10,9,244,8,42.6,0,,5.7,3.3,,20,,0,0
intermediate,b,10,9,244,9,,0,,,,,,,0,1
intermediate,b,10,9,244,10,,0,,,,,,,0,1
intermediate,b,10,9,244,11,69.1,7,21.7,10.5,5.6,0.234,40,0.538,0,1
intermediate,b,10,9,244,12,,0,,,,,,,0,1
intermediate,b,10,9,244,13,,0,,,,,,,0,1
intermediate,b,10,9,244,14,,0,,,,,,,0,1
intermediate,b,10,9,244,15,,0,,,,,,,0,1
intermediate,b,10,9,244,5,,,,,,0.072,35,0.162,NA,NA
intermediate,b,10,9,244,10x,67.4,6,15.1,11.1,5.5,0,0,0.186,1,1
intermediate,b,10,9,244,12x,63,9,14.4,8.3,5.5,0.07,24,0.264,1,1
intermediate,b,10,9,244,13x,97.5,23,19.5,12.7,8.6,0.076,17,0.163,1,1
intermediate,b,10,9,244,14x,49.7,8,16.5,7.6,5,0.121,42,0.048,1,1
intermediate,b,10,9,244,15x,46.3,1,7.4,7.7,3.7,0.126,,1.035,1,1
intermediate,b,10,9,244,2x,63.6,12,12.5,10,5.8,0.596,165,0.978,1,1
intermediate,b,10,9,244,3x,54.2,10,15.8,8.3,3.8,0.109,32,0.4,1,1
intermediate,b,10,9,244,6x,44.1,4,4.4,5.9,3.7,0.034,6,0.044,1,1
intermediate,b,10,9,244,9x,58.3,7,14.4,9,4.5,0.094,26,0.151,1,1
intermediate,c,11,3,188,1,10.2,0,,2.9,2,,,,0,1
intermediate,c,11,3,188,2,32.5,0,,5.5,3.5,,,,0,1
intermediate,c,11,3,188,3,32.5,0,,7.5,4,,,,0,1
intermediate,c,11,3,188,4,29.5,0,,10.4,4.4,,,,0,1
intermediate,c,11,3,188,5,30,0,,4.5,2.1,,,,0,1
intermediate,c,11,3,188,6,12.1,0,,6.1,2.6,,,,0,1
intermediate,c,11,3,188,7,16.9,0,,5.9,2.6,,,,0,1
intermediate,c,11,3,188,8,10.3,0,,3.9,2,,,,0,1
intermediate,c,11,3,188,9,12.3,0,,4.1,1.5,,,,0,1
intermediate,c,11,3,188,10,12.5,0,,4.9,2.5,,,,0,1
intermediate,c,11,3,188,11,36,0,,9.1,3,,,,0,1
intermediate,c,11,3,188,12,15.7,0,,3.6,1.7,,,,0,1
intermediate,c,11,3,188,13,16.8,0,,4.1,0.9,,,,0,1
intermediate,c,11,3,188,14,41,0,,8.3,3.2,,,,0,1
intermediate,c,11,3,188,15,21.5,0,,5.1,2.4,,,,0,1
intermediate,c,11,3,199,1,9.6,0,,2.9,1,,,,0,1
intermediate,c,11,3,199,2,39.5,0,,8.3,5.6,,,,0,1
intermediate,c,11,3,199,3,35.1,0,,8.9,4.7,,,,0,1
intermediate,c,11,3,199,4,34.9,0,,11.3,6.5,,,,0,1
intermediate,c,11,3,199,5,32.7,0,,7.1,3.3,,,,0,1
intermediate,c,11,3,199,12,17.9,0,,7.2,2.9,,,,0,1
intermediate,c,11,3,199,14,39.9,0,,7.5,3.6,,,,0,1
intermediate,c,11,3,199,6,14.1,0,,4.3,3.1,,,,0,1
intermediate,c,11,3,199,7,18.5,0,,6.1,3.1,,,,0,1
intermediate,c,11,3,199,8,11.3,0,,4.3,1.9,,,,0,1
intermediate,c,11,3,199,9,14.9,0,,3.8,1.2,,,,0,1
intermediate,c,11,3,199,10,14.9,0,,5.5,1.6,,,,0,1
intermediate,c,11,3,199,11,11.6,0,,4.5,1.5,,,,0,1
intermediate,c,11,3,199,15,26,0,,10.2,5.2,,,,0,1
intermediate,c,11,3,199,13,52.4,0,,10.8,6.4,,,,0,1
intermediate,c,11,5,214,1,10.9,0,,2.6,1.6,,,,0,1
intermediate,c,11,5,214,2,35.6,0,,7.5,4.5,,,,0,1
intermediate,c,11,5,214,3,34,0,,0.6,0.4,,,,0,1
intermediate,c,11,5,214,4,41.5,0,,12.3,6.4,,,,0,1
intermediate,c,11,5,214,5,35.5,0,,6.6,3.4,,,,0,1
intermediate,c,11,5,214,6,19.5,0,,7.5,4.5,,,,0,1
intermediate,c,11,5,214,7,23.8,0,,6.1,3.5,,,,0,1
intermediate,c,11,5,214,8,16.3,0,,5.1,2.4,,,,0,1
intermediate,c,11,5,214,9,18.6,0,,4.5,2.6,,,,0,1
intermediate,c,11,5,214,10,17.5,0,,4.3,2,,,,0,1
intermediate,c,11,5,214,11,15.2,0,,3.5,2.1,,,,0,1
intermediate,c,11,5,214,12,23.7,0,,7.1,4,,,,0,1
intermediate,c,11,5,214,13,,0,,,,,,,0,1
intermediate,c,11,5,214,14,40.9,0,,6.9,1.3,,,,0,1
intermediate,c,11,5,214,15,36.1,0,,10.5,5.7,,,,0,1
intermediate,c,11,7,230,1,11,0,,3.4,2.2,,,,0,1
intermediate,c,11,7,230,2,54.5,4,1,9.7,6.1,,,,0,1
intermediate,c,11,7,230,3,33,0,,0.2,0.2,,,,0,1
intermediate,c,11,7,230,4,58.4,6,3.3,13.3,5.8,,,,0,1
intermediate,c,11,7,230,5,41.5,1,0.4,7,3.8,,,,0,1
intermediate,c,11,7,230,6,,0,,,,,,,0,1
intermediate,c,11,7,230,7,38,6,1.5,9.7,4.2,,,,0,1
intermediate,c,11,7,230,8,25,1,1.7,6,2.7,,,,0,1
intermediate,c,11,7,230,9,34.2,1,2.3,7.2,3.9,,,,0,1
intermediate,c,11,7,230,10,20.7,0,,6.2,3,,,,0,1
intermediate,c,11,7,230,11,18.5,0,,5.9,1.7,,,,0,1
intermediate,c,11,7,230,12,34.5,5,2.7,9.8,3.7,,,,0,1
intermediate,c,11,7,230,13,79.4,2,5.9,10.7,6.6,,,,0,1
intermediate,c,11,7,230,14,7,0,,3.3,2,,,,0,1
intermediate,c,11,7,230,15,58,13,4.2,13.7,6.2,,,,0,1
intermediate,c,11,9,245,1,,0,,,,,,,0,1
intermediate,c,11,9,245,2,68.6,6,7.2,10.2,5.7,0,0,0.084,0,1
intermediate,c,11,9,245,3,,0,,,,,,,0,1
intermediate,c,11,9,245,4,62,4,6,13,6.3,0.018,9,0.024,0,1
intermediate,c,11,9,245,5,51,1,2.6,6.4,3,,1,0.007,0,1
intermediate,c,11,9,245,6,,0,,,,,,,0,1
intermediate,c,11,9,245,7,,0,,,,,,,0,1
intermediate,c,11,9,245,8,33.5,1,5,6.6,2.5,0.009,6,0.012,0,1
intermediate,c,11,9,245,9,45.1,1,7.3,7.7,3.7,0.025,21,0.029,0,1
intermediate,c,11,9,245,10,29,0,,4.1,2,0.007,3,0,0,1
intermediate,c,11,9,245,11,24.3,0,,4.5,2.2,,1,,0,1
intermediate,c,11,9,245,12,45,4,8.3,10,3.2,0.001,4,0.03,0,1
intermediate,c,11,9,245,13,36.2,0,,9,5.7,0.015,6,0,0,1
intermediate,c,11,9,245,14,73.7,3,9.7,10.3,4.1,,4,0.062,0,1
intermediate,c,11,9,245,15,70.2,13,12.1,13.1,5.4,0.143,94,0.236,0,1
intermediate,c,11,9,245,11x,40.4,9,11.2,7.4,4.7,0.045,25,0.205,1,0
intermediate,c,11,9,245,12x,35.2,6,12.2,4.8,3.4,0.015,9,0.174,1,0
intermediate,c,11,9,245,14x,39.4,10,12.3,7.5,4.7,0.287,95,0.193,1,0
intermediate,c,11,9,245,15x,26.5,8,2.3,4.1,2.1,0.007,5,0.021,1,0
intermediate,d,12,3,188,1,14.8,0,,3.1,1.4,,,,0,1
intermediate,d,12,3,188,2,1.5,0,,4.5,1,,,,0,1
intermediate,d,12,3,188,3,7,0,,3.5,1,,,,0,1
intermediate,d,12,3,188,4,4.5,0,,1.5,1,,,,0,1
intermediate,d,12,3,188,5,10.3,0,,2.1,1,,,,0,1
intermediate,d,12,3,188,6,3.9,0,,2.9,1.9,,,,0,1
intermediate,d,12,3,188,7,1.9,0,,1.2,0.9,,,,0,1
intermediate,d,12,3,188,8,3.9,0,,3.1,1.4,,,,0,1
intermediate,d,12,3,188,9,7.2,0,,3,0.5,,,,0,1
intermediate,d,12,3,188,10,6.4,0,,9.3,3,,,,0,1
intermediate,d,12,3,188,11,5.8,0,,3.5,2,,,,0,1
intermediate,d,12,3,188,12,1.1,0,,3.9,1.9,,,,0,1
intermediate,d,12,3,188,13,1.8,0,,1.9,1.1,,,,0,1
intermediate,d,12,3,188,14,3.5,0,,2.3,1,,,,0,1
intermediate,d,12,3,188,15,6.5,0,,5.1,2.1,,,,0,1
intermediate,d,12,3,199,1,15.6,0,,4.1,1.3,,,,0,1
intermediate,d,12,3,199,2,3.5,0,,1.5,1,,,,0,1
intermediate,d,12,3,199,3,10.2,0,,2.6,1.4,,,,0,1
intermediate,d,12,3,199,4,2.7,0,,1.1,0.7,,,,0,1
intermediate,d,12,3,199,5,4.5,0,,2.7,1.3,,,,0,1
intermediate,d,12,3,199,6,4.2,0,,3.2,1.7,,,,0,1
intermediate,d,12,3,199,7,2.1,0,,1.6,1,,,,0,1
intermediate,d,12,3,199,8,4.4,0,,3.1,1.4,,,,0,1
intermediate,d,12,3,199,9,3.6,0,,3.5,2.4,,,,0,1
intermediate,d,12,3,199,10,6.6,0,,6.2,2.6,,,,0,1
intermediate,d,12,3,199,11,4.8,0,,3.2,1.2,,,,0,1
intermediate,d,12,3,199,12,3.3,0,,2.8,2.2,,,,0,1
intermediate,d,12,3,199,13,8.8,0,,4.1,1.2,,,,0,1
intermediate,d,12,3,199,14,1.8,0,,2.6,1.3,,,,0,1
intermediate,d,12,3,199,15,5.6,0,,4.1,1.6,,,,0,1
intermediate,d,12,5,214,1,19.1,0,,3.6,1.4,,,,0,1
intermediate,d,12,5,214,2,3.8,0,,1.6,1,,,,0,1
intermediate,d,12,5,214,3,15.9,0,,4.6,2.4,,,,0,1
intermediate,d,12,5,214,4,3.1,0,,0.9,0.4,,,,0,1
intermediate,d,12,5,214,5,5.1,0,,4.1,2,,,,0,1
intermediate,d,12,5,214,6,4.6,0,,3.4,1.6,,,,0,1
intermediate,d,12,5,214,7,,0,,,,,,,0,1
intermediate,d,12,5,214,8,2.3,0,,2.6,1,,,,0,1
intermediate,d,12,5,214,9,3.3,0,,2.5,1.1,,,,0,1
intermediate,d,12,5,214,10,9,0,,4.5,1.1,,,,0,1
intermediate,d,12,5,214,11,6,0,,2.1,0.5,,,,0,1
intermediate,d,12,5,214,12,4.1,0,,3.5,2.5,,,,0,1
intermediate,d,12,5,214,13,11.8,0,,4.1,2.1,,,,0,1
intermediate,d,12,5,214,14,3.5,0,,2.4,1,,,,0,1
intermediate,d,12,5,214,15,7.5,0,,5.4,2.3,,,,0,1
intermediate,d,12,7,230,1,30.2,1,0.2,5.4,3,,,,0,1
intermediate,d,12,7,230,2,7.4,2,0.3,3.1,2,,,,0,1
intermediate,d,12,7,230,3,37.8,2,0.2,6.3,4.2,,,,0,1
intermediate,d,12,7,230,4,,0,,,,,,,0,1
intermediate,d,12,7,230,5,8,0,,4,3.4,,,,0,1
intermediate,d,12,7,230,6,17,8,2.6,5.5,4.8,,,,0,1
intermediate,d,12,7,230,7,,0,,,,,,,0,1
intermediate,d,12,7,230,8,8.3,0,,3.8,1.8,,,,0,1
intermediate,d,12,7,230,9,7.7,0,,5.1,3.5,,,,0,1
intermediate,d,12,7,230,10,10.5,0,,6.3,3.4,,,,0,1
intermediate,d,12,7,230,11,8.2,0,,2.4,1.5,,,,0,1
intermediate,d,12,7,230,12,13.2,1,0.7,5.5,4.5,,,,0,1
intermediate,d,12,7,230,13,18.2,2,0.5,3.2,1.4,,,,0,1
intermediate,d,12,7,230,14,11.5,1,0.5,4.9,3.3,,,,0,1
intermediate,d,12,7,230,15,18.2,1,2.8,,11,,,,0,1
intermediate,d,12,9,245,1,36.2,0,,5.1,3.4,,33,,0,1
intermediate,d,12,9,245,2,18.1,2,3.4,3.4,18,,2,,0,1
intermediate,d,12,9,245,3,49,0,,6.4,3.5,,111,,0,1
intermediate,d,12,9,245,4,,0,,,,,,,0,1
intermediate,d,12,9,245,5,17.2,0,,5.9,3,,9,,0,1
intermediate,d,12,9,245,6,27.4,9,9.7,4.3,3.4,,3,0.095,0,1
intermediate,d,12,9,245,7,,0,,,,,,,0,1
intermediate,d,12,9,245,8,16.2,0,,6,2.5,,2,0,0,1
intermediate,d,12,9,245,9,16.3,0,,6.5,4,,5,0,0,1
intermediate,d,12,9,245,10,15.2,0,,7.2,2.7,,0,0,0,1
intermediate,d,12,9,245,11,8.5,0,,1.2,0.9,,,,0,1
intermediate,d,12,9,245,12,25.1,0,,4.3,3.5,0.106,,0,0,1
intermediate,d,12,9,245,13,28.1,0,,3.7,2.7,,12,0.011,0,1
intermediate,d,12,9,245,14,24.1,0,,5.3,3.2,0.049,,0,0,1
intermediate,d,12,9,245,15,26.4,0,,5.9,3.5,0.174,,0,0,1
intermediate,d,12,9,245,11x,30.5,2,7.2,5.5,2.7,0.065,,0.03,0,0
intermediate,d,12,9,245,12x,15.5,5,5.2,4.7,1.7,,0,0.083,0,0
intermediate,d,12,9,245,13x,20.3,6,6.4,3.5,2.2,,3,0.072,0,0
intermediate,d,12,9,245,14x,30.4,19,11.2,5.2,3.2,0.101,,0.448,0,0
intermediate,d,12,9,245,15x,27.4,3,9.5,3.8,2.2,,0,0.05,0,0
intermediate,d,12,9,245,1x,16.7,14,12.2,5.6,2.8,0.052,,0.258,0,1
intermediate,d,12,9,245,2x,15.2,7,4.3,4,1.5,,1,0,0,1
intermediate,d,12,9,245,3x,25.1,3,14.5,6.7,2.9,0.096,,0.175,0,1
intermediate,d,12,9,245,4x,17.4,2,1.9,2.9,1.7,,0,0,0,1
intermediate,d,12,9,245,5x,21.2,6,9.5,4.9,2.9,,4,0.177,0,1
intermediate,d,12,9,245,7x,22.5,8,7.8,11,5.7,,0,0.171,0,1
intermediate,e,13,3,190,1,26.5,0,,8,5.7,,,,0,1
intermediate,e,13,3,190,2,20.5,0,,10.9,8.5,,,,0,1
intermediate,e,13,3,190,3,14.8,0,,6.7,3.8,,,,0,1
intermediate,e,13,3,190,4,13.2,0,,3.3,2.2,,,,0,1
intermediate,e,13,3,190,5,19,0,,6.8,2.8,,,,0,1
intermediate,e,13,3,190,6,5.7,0,,5.5,3,,,,0,1
intermediate,e,13,3,190,7,19.2,0,,7.8,4.2,,,,0,1
intermediate,e,13,3,190,8,30.6,0,,11.2,7,,,,0,1
intermediate,e,13,3,190,9,23.4,0,,9.2,4.1,,,,0,1
intermediate,e,13,3,190,10,19.2,0,,6.4,2.8,,,,0,1
intermediate,e,13,3,190,11,20.5,0,,3.5,2,,,,0,1
intermediate,e,13,3,190,12,28.1,0,,4.3,2.5,,,,0,1
intermediate,e,13,3,190,13,13.5,0,,3.2,1.8,,,,0,1
intermediate,e,13,3,190,14,29,0,,5,3.4,,,,0,1
intermediate,e,13,3,190,15,8.8,0,,3.2,1.3,,,,0,1
intermediate,e,13,3,199,1,34.4,0,,9.6,6.7,,,,0,1
intermediate,e,13,3,199,2,27,0,,14,7,,,,0,1
intermediate,e,13,3,199,3,19.7,0,,7.2,4,,,,0,1
intermediate,e,13,3,199,4,8.5,0,,4.5,2.8,,,,0,1
intermediate,e,13,3,199,5,21.8,0,,7.3,4.3,,,,0,1
intermediate,e,13,3,199,6,18.5,0,,6.2,3.4,,,,0,1
intermediate,e,13,3,199,7,24,0,,9,4.4,,,,0,1
intermediate,e,13,3,199,8,38.7,0,,11.2,6.2,,,,0,1
intermediate,e,13,3,199,9,28.5,0,,9.7,5,,,,0,1
intermediate,e,13,3,199,10,25,0,,6.4,3.7,,,,0,1
intermediate,e,13,3,199,11,25.5,0,,4.9,2.3,,,,0,1
intermediate,e,13,3,199,12,19,0,,4.5,2.8,,,,0,1
intermediate,e,13,3,199,13,21.3,0,,5,2.8,,,,0,1
intermediate,e,13,3,199,14,21.5,0,,6,2.6,,,,0,1
intermediate,e,13,3,199,15,10.4,0,,2.8,1.6,,,,0,1
intermediate,e,13,5,215,1,57.8,7,1.2,11.8,8.7,,,,0,1
intermediate,e,13,5,215,2,40.5,6,0.7,9.1,6.9,,,,0,1
intermediate,e,13,5,215,3,27.2,4,0.4,8.7,5,,,,0,1
intermediate,e,13,5,215,4,28.7,1,0.5,6.7,4.8,,,,0,1
intermediate,e,13,5,215,5,29.8,1,0.2,10.2,5.5,,,,0,1
intermediate,e,13,5,215,6,32.8,0,,8.1,4.2,,,,0,1
intermediate,e,13,5,215,7,39.2,0,,11.2,4.8,,,,0,1
intermediate,e,13,5,215,8,63.3,5,1.8,12.5,7.8,,,,0,1
intermediate,e,13,5,215,9,46.5,6,0.7,9.2,5.8,,,,0,1
intermediate,e,13,5,215,10,35,0,,6.8,3.7,,,,0,1
intermediate,e,13,5,215,11,,0,,,,,,,0,1
intermediate,e,13,5,215,12,18.6,0,,2.7,1.6,,,,0,1
intermediate,e,13,5,215,13,35.4,2,0.8,7.5,3.6,,,,0,1
intermediate,e,13,5,215,14,34.5,2,1.7,4.9,2.7,,,,0,1
intermediate,e,13,5,215,15,14.3,0,,2.1,1.6,,,,0,1
intermediate,e,13,7,228,1,89.5,59,27.2,12.2,7,,,,0,1
intermediate,e,13,7,228,2,44.2,44,5.4,12.5,6.6,,,,0,1
intermediate,e,13,7,228,3,47.5,15,5.4,9.5,5.2,,,,0,1
intermediate,e,13,7,228,4,45.7,6,7,7.2,4.7,,,,0,1
intermediate,e,13,7,228,5,46.7,12,2.6,1.1,5.2,,,,0,1
intermediate,e,13,7,228,6,53.4,14,5.5,7.7,3.5,,,,0,1
intermediate,e,13,7,228,7,68.4,11,4.7,10.8,6.6,,,,0,1
intermediate,e,13,7,228,8,89,37,13.2,12.7,8,,,,0,1
intermediate,e,13,7,228,9,66.5,15,8,10.1,4.7,,,,0,1
intermediate,e,13,7,228,10,47.5,4,2.4,5.2,3.4,,,,0,1
intermediate,e,13,7,228,11,34.3,1,4.4,3.7,2.2,,,,0,1
intermediate,e,13,7,228,12,28.7,1,5.6,4.3,1.6,,,,0,1
intermediate,e,13,7,228,13,19.8,0,,3.2,1.6,,,,0,1
intermediate,e,13,7,228,14,44.8,2,8.5,5.7,3.7,,,,0,1
intermediate,e,13,7,228,15,18.5,1,1.6,3.2,1.7,,,,0,1
intermediate,e,13,9,244,1,,,,,,0.294,,0.64,NA,NA
intermediate,e,13,9,244,2,,,,,,0.574,,0.747,NA,NA
intermediate,e,13,9,244,4,,,,,,,10,0.034,NA,NA
intermediate,e,13,9,244,5,,,,,,0.145,,0.554,NA,NA
intermediate,e,13,9,244,6,,,,,,0.209,,0.321,NA,NA
intermediate,e,13,9,244,7,,,,,,0.199,,0.631,NA,NA
intermediate,e,13,9,244,8,,,,,,0.715,,0.947,NA,NA
intermediate,e,13,9,244,9,,,,,,0.247,,0.257,NA,NA
intermediate,e,13,9,244,10,,,,,,0.029,,0.056,NA,NA
intermediate,e,13,9,244,12,,,,,,,3,0,NA,NA
intermediate,e,13,9,244,13,,,,,,0.016,,0.005,NA,NA
intermediate,e,13,9,244,14,,,,,,0.691,,0.046,NA,NA
intermediate,e,13,9,244,15,,,,,,,2,0.001,NA,NA
intermediate,e,13,9,244,11X,,,,,,3.129,637,1.875,NA,NA
intermediate,e,13,9,244,3X,,,,,,0.11,,0.206,NA,NA
intermediate,f,14,2,174,1,4.9,0,,4,3.1,,,,0,1
intermediate,f,14,2,174,2,6.3,0,,11,3.9,,,,0,1
intermediate,f,14,2,174,3,7.5,0,,12,7.6,,,,0,1
intermediate,f,14,2,174,4,3.7,0,,2.7,1.4,,,,0,1
intermediate,f,14,2,174,5,25.5,0,,9.5,6,,,,0,1
intermediate,f,14,2,174,6,2.8,0,,6.8,4.2,,,,0,1
intermediate,f,14,2,174,7,13.4,0,,4.6,2.5,,,,0,1
intermediate,f,14,2,174,8,5,0,,6,4.2,,,,0,1
intermediate,f,14,2,174,9,5.6,0,,8.2,6.2,,,,0,1
intermediate,f,14,2,174,10,13.5,0,,3.7,1.5,,,,0,1
intermediate,f,14,2,174,11,9.8,0,,4.7,1.6,,,,0,1
intermediate,f,14,2,174,12,5.7,0,,5.4,1.5,,,,0,1
intermediate,f,14,2,174,13,2.4,0,,2.3,1.9,,,,0,1
intermediate,f,14,2,174,14,3.1,0,,2.7,1.9,,,,0,1
intermediate,f,14,2,174,15,3.3,0,,5.4,2.5,,,,0,1
intermediate,f,14,3,188,1,6.7,0,,4.9,2.5,,,,0,1
intermediate,f,14,3,188,2,12.5,0,,13.3,6.8,,,,0,1
intermediate,f,14,3,188,3,9.9,0,,10,7.6,,,,0,1
intermediate,f,14,3,188,4,4.1,0,,4.1,2.1,,,,0,1
intermediate,f,14,3,188,5,32.9,0,,12.5,6.5,,,,0,1
intermediate,f,14,3,188,6,4.7,0,,8.7,6.4,,,,0,1
intermediate,f,14,3,188,7,16.1,0,,7,3.1,,,,0,1
intermediate,f,14,3,188,8,4.4,0,,8.5,5.6,,,,0,1
intermediate,f,14,3,188,9,7.3,0,,5.5,3.3,,,,0,1
intermediate,f,14,3,188,10,19.5,0,,5.5,3.5,,,,0,1
intermediate,f,14,3,188,11,13.1,0,,6.5,2.5,,,,0,1
intermediate,f,14,3,188,12,5.6,0,,5,2.2,,,,0,1
intermediate,f,14,3,188,13,2.8,0,,2.4,1.5,,,,0,1
intermediate,f,14,3,188,14,5,0,,3.5,2.1,,,,0,1
intermediate,f,14,3,188,15,4.9,0,,7.5,4.3,,,,0,1
intermediate,f,14,3,200,1,6.9,0,,4.1,2.6,,,,0,1
intermediate,f,14,3,200,2,17.1,0,,10,3.5,,,,0,1
intermediate,f,14,3,200,3,14.4,0,,10.9,7.1,,,,0,1
intermediate,f,14,3,200,4,5.1,0,,3.8,2.1,,,,0,1
intermediate,f,14,3,200,5,41.2,2,,16.3,5.5,,,,0,1
intermediate,f,14,3,200,6,7.1,0,,10,7.5,,,,0,1
intermediate,f,14,3,200,7,18.6,0,,5.7,3.1,,,,0,1
intermediate,f,14,3,200,8,5.5,0,,8.1,4.5,,,,0,1
intermediate,f,14,3,200,9,7.7,0,,7.9,6.6,,,,0,1
intermediate,f,14,3,200,10,23.1,0,,5.1,2.3,,,,0,1
intermediate,f,14,3,200,11,12.6,0,,6.5,3,,,,0,1
intermediate,f,14,3,200,12,5.9,0,,4.1,1.9,,,,0,1
intermediate,f,14,3,200,13,3,0,,1.5,0.4,,,,0,1
intermediate,f,14,3,200,14,4.1,0,,2.6,1.5,,,,0,1
intermediate,f,14,3,200,15,4.3,0,,6.3,2.1,,,,0,1
intermediate,f,14,5,214,1,10.1,0,,5.1,2.3,,,,0,1
intermediate,f,14,5,214,2,26.5,0,,11.9,6.1,,,,0,1
intermediate,f,14,5,214,3,23.4,0,,12,7.5,,,,0,1
intermediate,f,14,5,214,4,7.5,0,,3.6,2.1,,,,0,1
intermediate,f,14,5,214,5,55.9,0,,9.8,8.1,,,,0,1
intermediate,f,14,5,214,6,15.5,0,,9.1,7.7,,,,0,1
intermediate,f,14,5,214,7,10.9,0,,2.3,1.2,,,,0,1
intermediate,f,14,5,214,8,4,0,,8.5,5.6,,,,0,1
intermediate,f,14,5,214,9,8.9,0,,8.6,4.5,,,,0,1
intermediate,f,14,5,214,10,27.4,0,,4.3,2.6,,,,0,1
intermediate,f,14,5,214,11,,0,,,,,,,0,1
intermediate,f,14,5,214,12,12.3,0,,,,,,,0,1
intermediate,f,14,5,214,13,,0,,,,,,,0,1
intermediate,f,14,5,214,14,4.1,0,,25,1.2,,,,0,1
intermediate,f,14,5,214,15,7,0,,7,3,,,,0,1
intermediate,f,14,7,229,1,20.2,3,2.5,7.3,4.3,,,,0,1
intermediate,f,14,7,229,2,46.3,6,13,15.4,6.1,,,,0,1
intermediate,f,14,7,229,3,46.2,8,9.3,12.4,8.2,,,,0,1
intermediate,f,14,7,229,4,20.2,3,4.3,4.9,3.7,,,,0,1
intermediate,f,14,7,229,5,76.1,32,15.6,13.1,8,,,,0,1
intermediate,f,14,7,229,6,40.1,14,18.3,10.7,7.2,,,,0,1
intermediate,f,14,7,229,7,31.6,3,5.4,6.8,2.4,,,,0,1
intermediate,f,14,7,229,8,27.5,7,4.5,7.5,5.7,,,,0,1
intermediate,f,14,7,229,9,26,9,3.7,7,5.2,,,,0,1
intermediate,f,14,7,229,10,40,4,4.7,6.2,4.5,,,,0,1
intermediate,f,14,7,229,11,,0,,,,,,,0,1
intermediate,f,14,7,229,12,,0,,,,,,,0,1
intermediate,f,14,7,229,13,,0,,,,,,,0,1
intermediate,f,14,7,229,14,17.2,1,3.7,8.6,4.7,,,,0,1
intermediate,f,14,7,229,15,7,0,4.7,6.2,4.5,,,,0,1
intermediate,f,14,9,242,1,26.3,3,6.8,4.4,1.4,,4,0.077,0,1
intermediate,f,14,9,242,2,47.9,12,15,13.4,5.7,0.116,,0.272,0,1
intermediate,f,14,9,242,3,50.9,7,15.4,15.2,3.7,0.069,,0.187,0,1
intermediate,f,14,9,242,4,28.4,2,9.8,6.5,3.1,,3,0.065,0,1
intermediate,f,14,9,242,5,84.5,35,21.6,8.3,6.3,0.56,,1.226,0,1
intermediate,f,14,9,242,6,43.2,13,20.7,11.1,7.4,0.151,,0.697,0,1
intermediate,f,14,9,242,7,39.4,3,10.3,7.4,2.6,,3,0.068,0,1
intermediate,f,14,9,242,8,13.5,7,7.1,4.6,3.1,0.023,,0.102,0,1
intermediate,f,14,9,242,9,33.5,9,10.4,7.6,4.4,,13,0.179,0,1
intermediate,f,14,9,242,10,48.4,4,10.7,4.4,2.5,,7,0.077,0,1
intermediate,f,14,9,242,11,,0,,,,,0,,0,1
intermediate,f,14,9,242,12,,0,,,,,0,,0,1
intermediate,f,14,9,242,13,,0,,,,,0,,0,1
intermediate,f,14,9,242,14,7.4,0,,1.8,1.2,,,,0,1
intermediate,f,14,9,242,15,22.4,2,4.5,8.3,3.3,,,,0,1
intermediate,f,14,9,242,10X,,,,,,0.314,,0.363,NA,NA
intermediate,f,14,9,242,11x,47.4,15,8.1,12.2,3.5,,6,0.142,1,1
intermediate,f,14,9,242,12x,50,20,14.7,17.5,9.7,0.12,,0.349,1,1
intermediate,f,14,9,242,13x,68.3,9,12.4,14.8,5.4,0.257,,0.078,1,1
intermediate,g,15,2,174,1,14.5,0,,4.7,3.3,,,,0,1
intermediate,g,15,2,174,2,18.7,0,,6.3,4.5,,,,0,1
intermediate,g,15,2,174,3,14.5,0,,4.9,3.3,,,,0,1
intermediate,g,15,2,174,4,8.3,0,,5.2,2.7,,,,0,1
intermediate,g,15,2,174,5,9.2,0,,4.6,2.4,,,,0,1
intermediate,g,15,2,174,6,6.5,0,,4.2,2.3,,,,0,1
intermediate,g,15,2,174,7,2.3,0,,1.1,0.6,,,,0,1
intermediate,g,15,2,174,8,7.3,0,,2.4,1.3,,,,0,1
intermediate,g,15,2,174,9,5.7,0,,4.1,2.3,,,,0,1
intermediate,g,15,2,174,10,8.3,0,,2.9,1.6,,,,0,1
intermediate,g,15,2,174,11,6.8,0,,5.7,4.2,,,,0,1
intermediate,g,15,2,174,12,10.3,0,,5.2,4.5,,,,0,1
intermediate,g,15,2,174,13,6,0,,2.8,2.5,,,,0,1
intermediate,g,15,2,174,14,5,0,,4.1,1.6,,,,0,1
intermediate,g,15,2,174,15,2.5,0,,1,0.4,,,,0,1
intermediate,g,15,3,188,1,28.5,0,,5.8,4,,,,0,1
intermediate,g,15,3,188,2,38.5,0,,11.1,4.8,,,,0,1
intermediate,g,15,3,188,3,32.5,0,,4.8,4.2,,,,0,1
intermediate,g,15,3,188,4,19.3,0,,6.1,2.7,,,,0,1
intermediate,g,15,3,188,5,22,0,,6.5,3.2,,,,0,1
intermediate,g,15,3,188,6,12.4,0,,7.1,4,,,,0,1
intermediate,g,15,3,188,7,5.4,0,,1.4,1.1,,,,0,1
intermediate,g,15,3,188,8,9,0,,2.7,1.5,,,,0,1
intermediate,g,15,3,188,9,9.5,0,,6,3.2,,,,0,1
intermediate,g,15,3,188,10,7.2,0,,2.9,1,,,,0,1
intermediate,g,15,3,188,11,17.1,0,,6.8,4.8,,,,0,1
intermediate,g,15,3,188,12,20.2,0,,6.5,3.6,,,,0,1
intermediate,g,15,3,188,13,9.1,0,,3.4,3.6,,,,0,1
intermediate,g,15,3,188,14,9.5,0,,3.5,2,,,,0,1
intermediate,g,15,3,188,15,6.2,0,,2.1,1,,,,0,1
intermediate,g,15,3,200,1,33.5,0,,5.6,3.8,,,,0,1
intermediate,g,15,3,200,2,17.1,0,,2.4,1.8,,,,0,1
intermediate,g,15,3,200,3,49.1,1,,6.1,3,,,,0,1
intermediate,g,15,3,200,4,28.1,0,,7.5,4.4,,,,0,1
intermediate,g,15,3,200,5,33.5,1,,6.8,2.8,,,,0,1
intermediate,g,15,3,200,6,17.6,0,,5.6,2.4,,,,0,1
intermediate,g,15,3,200,7,8.5,0,,1.6,0.8,,,,0,1
intermediate,g,15,3,200,8,12.3,0,,2.6,1.6,,,,0,1
intermediate,g,15,3,200,9,14.5,0,,5.8,2.6,,,,0,1
intermediate,g,15,3,200,10,18.4,0,,3.2,1.8,,,,0,1
intermediate,g,15,3,200,11,25.6,0,,9,4.6,,,,0,1
intermediate,g,15,3,200,12,26.8,0,,6.5,4,,,,0,1
intermediate,g,15,3,200,13,13.8,0,,3.8,2.5,,,,0,1
intermediate,g,15,3,200,14,14.3,0,,3.7,1.8,,,,0,1
intermediate,g,15,3,200,15,11.8,0,,3.2,1.4,,,,0,1
intermediate,g,15,5,214,1,41,1,0.5,4.8,3.5,,,,0,1
intermediate,g,15,5,214,2,36.7,0,,7.5,4.5,,,,0,1
intermediate,g,15,5,214,3,64,4,3.1,5.1,4,,,,0,1
intermediate,g,15,5,214,4,42.1,5,1,9,5.7,,,,0,1
intermediate,g,15,5,214,5,11.5,3,1.5,7.4,3.6,,,,0,1
intermediate,g,15,5,214,6,28.7,5,0.9,7.1,3.2,,,,0,1
intermediate,g,15,5,214,7,11.2,0,,2.3,1,,,,0,1
intermediate,g,15,5,214,8,19.1,1,2,2.8,1.8,,,,0,1
intermediate,g,15,5,214,9,22.6,3,1.3,7.1,4.5,,,,0,1
intermediate,g,15,5,214,10,26,1,0.6,5.4,1,,,,0,1
intermediate,g,15,5,214,11,37.4,7,0.5,9.4,7.4,,,,0,1
intermediate,g,15,5,214,12,40.4,5,0.7,8.8,5.9,,,,0,1
intermediate,g,15,5,214,13,23.1,1,0.5,4.5,3.3,,,,0,1
intermediate,g,15,5,214,14,21.4,2,0.3,2.7,1.6,,,,0,1
intermediate,g,15,5,214,15,7.5,0,,2,1,,,,0,1
intermediate,g,15,7,230,1,63,3,5.7,6.3,5,,,,0,1
intermediate,g,15,7,230,2,90.8,9,17.7,7.9,5.8,,,,0,1
intermediate,g,15,7,230,3,85.8,5,18.2,6.1,4.2,,,,0,1
intermediate,g,15,7,230,4,77.1,8,13.2,9.5,6.7,,,,0,1
intermediate,g,15,7,230,5,65,3,16.4,7.5,4.2,,,,0,1
intermediate,g,15,7,230,6,53.6,9,12.9,7.9,4.4,,,,0,1
intermediate,g,15,7,230,7,19,0,,1.7,1.1,,,,0,1
intermediate,g,15,7,230,8,35.6,1,10.6,3.2,2,,,,0,1
intermediate,g,15,7,230,9,42.6,6,11.7,7.4,5.2,,,,0,1
intermediate,g,15,7,230,10,41.4,3,6.8,4.5,2.2,,,,0,1
intermediate,g,15,7,230,11,69.8,9,11,11.3,8.6,,,,0,1
intermediate,g,15,7,230,12,70,9,14.9,10.3,9.2,,,,0,1
intermediate,g,15,7,230,13,40.5,2,7.2,4.7,3.2,,,,0,1
intermediate,g,15,7,230,14,33.5,0,,4.5,2.6,,,,0,1
intermediate,g,15,7,230,15,12.7,0,,1.8,0.9,,,,0,1
intermediate,g,15,9,242,1,68,3,11.4,6.7,4.4,0.052,15,0.049,0,1
intermediate,g,15,9,242,2,60,4,6.5,8.5,4.4,0.014,8,0.033,0,1
intermediate,g,15,9,242,3,87.3,5,18.5,6,4.2,0.051,19,0.316,0,1
intermediate,g,15,9,242,4,84.2,25,20.3,10,5.3,0.265,139,1.36,0,1
intermediate,g,15,9,242,5,67.3,3,17.1,7.6,3.2,0.028,15,0.104,0,1
intermediate,g,15,9,242,6,57.3,9,15.3,2.9,3.7,0.065,23,0.275,0,1
intermediate,g,15,9,242,7,22.7,0,,2,1.1,0.01,6,0,0,1
intermediate,g,15,9,242,8,35.7,1,10.2,7,3.7,0.025,11,0.032,0,1
intermediate,g,15,9,242,9,47.5,6,17.2,7.4,5.1,0.152,50,0.356,0,1
intermediate,g,15,9,242,10,44.5,3,10,4.5,2.8,0.041,14,0.061,0,1
intermediate,g,15,9,242,11,65.5,14,16.6,11.1,8.2,0.14,41,0.459,0,1
intermediate,g,15,9,242,12,75.1,8,18.8,9.6,8.8,0.061,29,0.521,0,1
intermediate,g,15,9,242,13,46.8,3,12.6,5.7,4.2,0.016,7,0.049,0,1
intermediate,g,15,9,242,14,35.3,0,,4.5,2.6,0.018,8,0,0,1
intermediate,g,15,9,242,15,27.8,0,,2,1.7,,2,0,0,1
intermediate,h,16,2,181,1,16.8,0,,7.6,4.1,,,,0,1
intermediate,h,16,2,181,2,36.7,0,,8.8,3.8,,,,0,1
intermediate,h,16,2,181,3,32.6,0,,10,6.6,,,,0,1
intermediate,h,16,2,181,4,22.8,0,,6.6,3.8,,,,0,1
intermediate,h,16,2,181,5,43.2,0,,7.1,4,,,,0,1
intermediate,h,16,2,181,6,12.5,0,,9.8,6.3,,,,0,1
intermediate,h,16,2,181,7,25.4,0,,9.4,5,,,,0,1
intermediate,h,16,2,181,8,28.5,0,,10.5,5.7,,,,0,1
intermediate,h,16,2,181,9,40.8,0,,13.2,8.2,,,,0,1
intermediate,h,16,2,181,10,44.7,0,,19.6,13,,,,0,1
intermediate,h,16,2,181,11,39.5,0,,14.4,8,,,,0,1
intermediate,h,16,2,181,12,38.8,0,,12.5,7.2,,,,0,1
intermediate,h,16,2,181,13,28.4,0,,8.8,4.9,,,,0,1
intermediate,h,16,2,181,14,58.2,0,,15.6,8,,,,0,1
intermediate,h,16,2,181,15,58.5,0,,14.5,10.6,,,,0,1
intermediate,h,16,3,188,1,22.8,0,,8.2,4.5,,,,0,1
intermediate,h,16,3,188,2,43,0,,10.2,7,,,,0,1
intermediate,h,16,3,188,3,31.5,0,,10.5,5,,,,0,1
intermediate,h,16,3,188,4,27,0,,5.2,3.3,,,,0,1
intermediate,h,16,3,188,5,52.2,0,,9.1,6.5,,,,0,1
intermediate,h,16,3,188,6,15.2,0,,10,5.5,,,,0,1
intermediate,h,16,3,188,7,29.7,0,,12,5.4,,,,0,1
intermediate,h,16,3,188,8,30.9,0,,8.2,4.5,,,,0,1
intermediate,h,16,3,188,9,53,0,,12.3,8.1,,,,0,1
intermediate,h,16,3,188,10,54.2,0,,17.6,16.1,,,,0,1
intermediate,h,16,3,188,11,46.9,0,,12.5,9,,,,0,1
intermediate,h,16,3,188,12,36.1,0,,11,5.3,,,,0,1
intermediate,h,16,3,188,13,35.2,0,,7.9,5,,,,0,1
intermediate,h,16,3,188,14,33.4,0,,11.6,6.8,,,,0,1
intermediate,h,16,3,188,15,60.3,0,,12.5,11.1,,,,0,1
intermediate,h,16,3,199,1,27.2,0,,7.7,4.2,,,,0,1
intermediate,h,16,3,199,2,47.5,0,,6.9,5.3,,,,0,1
intermediate,h,16,3,199,3,50.6,1,,8.5,4.7,,,,0,1
intermediate,h,16,3,199,4,30.4,0,,6.1,2.7,,,,0,1
intermediate,h,16,3,199,5,51.4,4,,3.6,4.9,,,,0,1
intermediate,h,16,3,199,6,25.3,0,,11.6,9.5,,,,0,1
intermediate,h,16,3,199,7,33,0,,10.9,6.2,,,,0,1
intermediate,h,16,3,199,8,32.4,0,,8.6,3.2,,,,0,1
intermediate,h,16,3,199,9,61.3,8,,13.2,8.2,,,,0,1
intermediate,h,16,3,199,10,63.5,9,,16.3,11.8,,,,0,1
intermediate,h,16,3,199,11,49.1,1,,10.5,5.5,,,,0,1
intermediate,h,16,3,199,12,46.3,1,,8.2,4.2,,,,0,1
intermediate,h,16,3,199,13,36.6,1,,4.1,1.5,,,,0,1
intermediate,h,16,3,199,14,80.5,13,,10.7,5.7,,,,0,1
intermediate,h,16,3,199,15,63.3,9,,6.7,4.5,,,,0,1
intermediate,h,16,5,217,1,51.4,0,,10.1,6.1,,,,0,1
intermediate,h,16,5,217,2,62.5,0,,8.4,5.5,,,,0,1
intermediate,h,16,5,217,3,69.7,0,,8.4,7,,,,0,1
intermediate,h,16,5,217,4,43.3,0,,7.6,4.2,,,,0,1
intermediate,h,16,5,217,5,66.1,0,,9.3,6.1,,,,0,1
intermediate,h,16,5,217,6,55.1,0,,8.9,6.8,,,,0,1
intermediate,h,16,5,217,7,56.2,0,,7.2,7.6,,,,0,1
intermediate,h,16,5,217,8,41.3,0,,10.5,4.1,,,,0,1
intermediate,h,16,5,217,9,75.5,8,11.6,11.6,7.6,,,,0,1
intermediate,h,16,5,217,10,85.6,1,6.6,13.4,13.5,,,,0,1
intermediate,h,16,5,217,11,70.4,0,,9.6,5.9,,,,0,1
intermediate,h,16,5,217,12,9.5,0,,11,6.3,,,,0,1
intermediate,h,16,5,217,13,46,0,,8.1,4.6,,,,0,1
intermediate,h,16,5,217,14,32.1,3,8,13.4,7.4,,,,0,1
intermediate,h,16,5,217,15,68.6,0,,12.6,4.5,,,,0,1
intermediate,h,16,7,230,1,74,10,13.5,9.9,6.5,,,,0,1
intermediate,h,16,7,230,2,87.5,30,10.7,10.9,7.5,,,,0,1
intermediate,h,16,7,230,3,88.2,14,13.3,10,8.7,,,,0,1
intermediate,h,16,7,230,4,15.1,0,,,,,,,0,1
intermediate,h,16,7,230,5,86.8,7,11.3,10,7.5,,,,0,1
intermediate,h,16,7,230,6,74.8,79,11.6,12.1,9.5,,,,0,1
intermediate,h,16,7,230,7,74.4,24,13.3,11,5.2,,,,0,1
intermediate,h,16,7,230,8,60.7,7,13.5,9.5,7.4,,,,0,1
intermediate,h,16,7,230,9,94.9,63,16.7,14.4,7.5,,,,0,1
intermediate,h,16,7,230,10,101,232,19.1,19.2,15.9,,,,0,1
intermediate,h,16,7,230,11,88.9,25,21.5,13.9,8.2,,,,0,1
intermediate,h,16,7,230,12,92.5,11,21,12.5,6.8,,,,0,1
intermediate,h,16,7,230,13,69.5,9,13.4,8.8,6.2,,,,0,1
intermediate,h,16,7,230,14,91.5,48,16.7,12.7,6.8,,,,0,1
intermediate,h,16,7,230,15,88.2,80,17.3,15,9.2,,,,0,1
intermediate,h,16,9,245,1,77.1,12,20.4,10.5,6.7,0.047,40,0.253,0,1
intermediate,h,16,9,245,2,91.2,36,17.3,9.6,7.6,0.269,144,0.726,0,1
intermediate,h,16,9,245,3,90.3,25,14.7,10.7,8.5,0.187,81,0.747,0,1
intermediate,h,16,9,245,4,71,3,14.2,7.4,5.8,0.049,21,0.049,0,1
intermediate,h,16,9,245,5,78.9,9,11.5,9.5,6.7,0.223,101,0.241,0,1
intermediate,h,16,9,245,6,74.5,81,11.3,10.5,7.9,1.564,598,2.138,0,1
intermediate,h,16,9,245,7,78,25,16.8,11.5,5,0.22,101,0.645,0,1
intermediate,h,16,9,245,8,60.7,6,14.4,8.2,6.2,0.045,20,0.085,0,1
intermediate,h,16,9,245,9,87.2,74,17,12.4,7.9,2.346,507,2.979,0,1
intermediate,h,16,9,245,10,102.7,271,20.2,17.9,13.5,3.18,,6.611,0,1
intermediate,h,16,9,245,11,91.6,31,20.7,13.5,9.5,0.423,130,1.333,0,1
intermediate,h,16,9,245,12,91.2,14,20.8,11.7,9.2,0.555,178,0.685,0,1
intermediate,h,16,9,245,13,93.8,11,21.7,11,8.4,0.135,28,0.388,0,1
intermediate,h,16,9,245,14,90,59,13.7,10.3,5.2,1.851,502,1.689,0,1
intermediate,h,16,9,245,15,88.1,101,17.6,13.6,9.7,1.209,429,2.981,0,1
warm,a,17,2,187,1,49.3,0,,13.6,6.6,,,,0,1
warm,a,17,2,187,2,31.5,0,,8.3,3.9,,,,0,1
warm,a,17,2,187,3,17.5,0,,4.1,3.1,,,,0,1
warm,a,17,2,187,4,25.9,0,,7,3.2,,,,0,1
warm,a,17,2,187,5,23.6,0,,9,5.1,,,,0,1
warm,a,17,2,187,6,37.1,0,,14.5,8.7,,,,0,1
warm,a,17,2,187,7,38.2,0,,8.4,4.6,,,,0,1
warm,a,17,2,187,8,31,0,,6.5,2.5,,,,0,1
warm,a,17,2,187,9,34.5,0,,6.6,4.6,,,,0,1
warm,a,17,2,187,10,38.7,0,,7.5,4,,,,0,1
warm,a,17,2,187,11,17.5,0,,5,2.8,,,,0,1
warm,a,17,2,187,12,27.5,0,,9.6,5.7,,,,0,1
warm,a,17,2,187,13,34,0,,14.1,8.5,,,,0,1
warm,a,17,2,187,14,27,0,,6.6,1.1,,,,0,1
warm,a,17,2,187,15,1.5,0,,5.5,2.3,,,,0,1
warm,a,17,3,200,1,55.2,0,,12.9,7.1,,,,0,1
warm,a,17,3,200,2,34.4,0,,6.1,2.8,,,,0,1
warm,a,17,3,200,3,19.6,0,,4.1,1.5,,,,0,1
warm,a,17,3,200,4,29.8,0,,5.4,2.8,,,,0,1
warm,a,17,3,200,5,57.8,0,,12.5,7.6,,,,0,1
warm,a,17,3,200,6,54.1,0,,12.1,4.4,,,,0,1
warm,a,17,3,200,7,40.9,0,,9.4,3.7,,,,0,1
warm,a,17,3,200,8,49.3,0,,6.4,3.6,,,,0,1
warm,a,17,3,200,9,38.3,0,,7.4,3.4,,,,0,1
warm,a,17,3,200,10,48.5,0,,7.2,2.8,,,,0,1
warm,a,17,3,200,11,28.1,0,,11.2,4.6,,,,0,1
warm,a,17,3,200,12,31.1,0,,37.3,3.2,,,,0,1
warm,a,17,3,200,13,40.2,0,,11.1,4.5,,,,0,1
warm,a,17,3,200,14,21.6,0,,5.4,2.9,,,,0,1
warm,a,17,3,200,15,1.1,0,,5.1,1.9,,,,0,1
warm,a,17,5,214,1,60,0,,9.8,3.2,,,,0,1
warm,a,17,5,214,2,36.7,0,,4.5,0.3,,,,0,1
warm,a,17,5,214,3,,0,,,,,,,0,1
warm,a,17,5,214,4,30.5,0,,2.5,1.6,,,,0,1
warm,a,17,5,214,5,64.1,0,,11.1,7.7,,,,0,1
warm,a,17,5,214,6,58.5,0,,7.1,5.6,,,,0,1
warm,a,17,5,214,7,37,0,,,,,,,0,1
warm,a,17,5,214,8,52.4,0,,7.6,3,,,,0,1
warm,a,17,5,214,9,45,1,0.4,7.5,5.1,,,,0,1
warm,a,17,5,214,10,52.4,0,,9.8,5.4,,,,0,1
warm,a,17,5,214,11,27.3,2,1.1,11.7,4.5,,,,0,1
warm,a,17,5,214,12,35.6,1,0.2,5.5,4.9,,,,0,1
warm,a,17,5,214,13,43.1,2,0.3,6.1,4.4,,,,0,1
warm,a,17,5,214,14,24,1,0.3,4.7,1.7,,,,0,1
warm,a,17,5,214,15,1,0,,3.5,2,,,,0,1
warm,a,17,7,229,1,63.6,1,1.1,11.2,4.2,,,,0,1
warm,a,17,7,229,2,,0,,,,,,,0,1
warm,a,17,7,229,3,,0,,,,,,,0,1
warm,a,17,7,229,4,,0,,,,,,,0,1
warm,a,17,7,229,5,73,0,,7.6,3,,,,0,1
warm,a,17,7,229,6,62,0,,6.6,3.2,,,,0,1
warm,a,17,7,229,7,,0,,,,,,,0,1
warm,a,17,7,229,8,70.2,0,,8,3.4,,,,0,1
warm,a,17,7,229,9,55,5,0.7,10.7,4.3,,,,0,1
warm,a,17,7,229,10,46,0,,,,,,,0,1
warm,a,17,7,229,11,55.2,4,8.3,10.2,3.2,,,,0,1
warm,a,17,7,229,12,46.2,1,2.3,6.7,4,,,,0,1
warm,a,17,7,229,13,54.8,8,3.4,6.8,4.2,,,,0,1
warm,a,17,7,229,14,31.9,1,3.3,6.4,2.8,,,,0,1
warm,a,17,7,229,15,,0,,,,,,,0,1
warm,a,17,9,242,1,,0,,,,,,,0,1
warm,a,17,9,242,2,,0,,,,,,,0,1
warm,a,17,9,242,3,,0,,,,,,,0,1
warm,a,17,9,242,4,,0,,,,,,,0,1
warm,a,17,9,242,5,,0,,,,0,,0.423,0,1
warm,a,17,9,242,6,,0,,,,,,,0,1
warm,a,17,9,242,7,,0,,,,,,,0,1
warm,a,17,9,242,8,,0,,,,,,,0,1
warm,a,17,9,242,9,,0,,,,,,,0,1
warm,a,17,9,242,10,,0,,,,,,,0,1
warm,a,17,9,242,11,55.1,1,10.2,9.5,5.3,,11,0.042,0,1
warm,a,17,9,242,12,,0,,,,,,,0,1
warm,a,17,9,242,13,49.4,1,4.2,4.5,3.2,0.045,,0.132,0,1
warm,a,17,9,242,14,65.7,8,11.1,6.6,5.2,,6,0.001,0,1
warm,a,17,9,242,15,,0,,,,,,,0,1
warm,a,17,9,242,10x,69.9,7,12.8,14.3,3,,0,0.151,1,0
warm,a,17,9,242,12x,37.6,4,4.3,7,2.7,,3,0.012,1,0
warm,a,17,9,242,15x,46.6,3,13.7,9,7.1,0.084,,0.054,1,0
warm,a,17,9,242,1x,88.3,28,9.2,9.8,2.9,,0,0.042,1,0
warm,a,17,9,242,2x,129.2,9,11.2,10.2,7.4,,0,0.101,1,0
warm,a,17,9,242,3x,72.4,7,10.2,10.5,5.8,,10,0.063,1,0
warm,a,17,9,242,4x,118.8,13,13.5,8.3,3.5,0,0,0.358,1,0
warm,a,17,9,242,5x,101.5,1,1.4,12.9,6.2,,0,0.001,1,0
warm,a,17,9,242,6x,108.5,18,13.2,7.1,5,0.083,,0.412,1,0
warm,a,17,9,242,7x,123,17,10.6,5.2,3.1,0.201,,0.255,1,0
warm,a,17,9,242,8x,130.8,38,16.5,8,4.2,0.196,,1.001,1,0
warm,a,17,9,242,9x,47.7,4,4.5,8.3,4.1,,0,0.061,1,0
warm,b,18,2,187,1,26.3,0,,8.5,6,,,,0,1
warm,b,18,2,187,2,24.5,0,,11.6,8.7,,,,0,1
warm,b,18,2,187,3,30.2,0,,12.7,10.9,,,,0,1
warm,b,18,2,187,4,23.4,0,,9,5.3,,,,0,1
warm,b,18,2,187,5,29,0,,14.6,7.6,,,,0,1
warm,b,18,2,187,6,35.5,0,,11.5,6.7,,,,0,1
warm,b,18,2,187,11,22.9,0,,4.9,3,,,,0,1
warm,b,18,2,187,12,14,0,,9.3,3.9,,,,0,1
warm,b,18,2,187,13,55,0,,18.5,11.2,,,,0,1
warm,b,18,2,187,14,18,0,,3.5,1.6,,,,0,1
warm,b,18,2,187,15,34.5,0,,6.1,4.5,,,,0,1
warm,b,18,2,187,7,27.3,0,,7.5,3.5,,,,0,1
warm,b,18,2,187,8,24.1,0,,11.8,8,,,,0,1
warm,b,18,2,187,9,15.2,0,,6.3,2.2,,,,0,1
warm,b,18,2,187,10,8.1,0,,2.6,2,,,,0,1
warm,b,18,3,199,1,37.4,0,,10.4,6.7,,,,0,1
warm,b,18,3,199,2,34.9,0,,16.2,8.4,,,,0,1
warm,b,18,3,199,3,37.8,0,,14.6,9.3,,,,0,1
warm,b,18,3,199,4,29.8,0,,10.9,6.8,,,,0,1
warm,b,18,3,199,5,26.8,0,,14,10.3,,,,0,1
warm,b,18,3,199,6,47,0,,11.4,7.4,,,,0,1
warm,b,18,3,199,11,27.6,0,,6.5,3.1,,,,0,1
warm,b,18,3,199,12,20,0,,6.3,3.2,,,,0,1
warm,b,18,3,199,13,42,0,,7.3,4.4,,,,0,1
warm,b,18,3,199,14,71.4,0,,15.2,8.4,,,,0,1
warm,b,18,3,199,15,22.5,0,,3.8,1.6,,,,0,1
warm,b,18,3,199,7,31,0,,8.4,3.8,,,,0,1
warm,b,18,3,199,8,33.6,0,,17.1,10.6,,,,0,1
warm,b,18,3,199,9,20.8,0,,8.2,3.5,,,,0,1
warm,b,18,3,199,10,8.5,0,,2.2,0.7,,,,0,1
warm,b,18,5,217,1,57.1,0,,10.4,6.1,,,,0,1
warm,b,18,5,217,2,58.2,2,,14.4,9.6,,,,0,1
warm,b,18,5,217,3,65.1,0,,13.1,9.5,,,,0,1
warm,b,18,5,217,4,16.5,0,,9.9,6.3,,,,0,1
warm,b,18,5,217,5,29.6,3,4.5,12.4,6.3,,,,0,1
warm,b,18,5,217,6,75.2,0,,11.4,6,,,,0,1
warm,b,18,5,217,7,44.5,0,,5.2,2.5,,,,0,1
warm,b,18,5,217,8,58.1,0,,14.5,10.3,,,,0,1
warm,b,18,5,217,9,40.2,1,7.1,7.7,4.1,,,,0,1
warm,b,18,5,217,10,14.1,0,,3.1,1.3,,,,0,1
warm,b,18,5,217,11,37.2,0,,6.1,3.6,,,,0,1
warm,b,18,5,217,12,25.6,0,,7.3,3.3,,,,0,1
warm,b,18,5,217,13,51.6,0,,6.6,4.6,,,,0,1
warm,b,18,5,217,14,86.3,1,7.2,9.6,7.1,,,,0,1
warm,b,18,5,217,15,32.4,1,3.4,3.6,1.6,,,,0,1
warm,b,18,5,217,4,,,,,,0.342,,0,NA,NA
warm,b,18,7,229,1,73.5,24,13.7,11,5.9,,,,0,1
warm,b,18,7,229,2,79.8,11,20.9,14.6,8.7,,,,0,1
warm,b,18,7,229,3,83.7,44,16.2,14.3,10,,,,0,1
warm,b,18,7,229,4,61,11,12.8,10.7,6.5,,,,0,1
warm,b,18,7,229,5,58.2,48,16.7,15,12.2,,,,0,1
warm,b,18,7,229,6,93.5,17,2.7,13.8,7.9,,,,0,1
warm,b,18,7,229,11,53,2,11.2,6.7,3.32,,,,0,1
warm,b,18,7,229,12,36.5,3,2.7,9.4,5,,,,0,1
warm,b,18,7,229,13,66.2,6,12.6,7.5,4.5,,,,0,1
warm,b,18,7,229,14,106.5,35,19.3,16.8,10,,,,0,1
warm,b,18,7,229,15,41.9,1,9.2,4.3,2,,,,0,1
warm,b,18,7,229,7,78.6,64,12.4,18.4,10.1,,,,0,1
warm,b,18,7,229,8,48,39,4.7,9.8,5.7,,,,0,1
warm,b,18,7,229,9,55.9,8,15.6,9.9,3.4,,,,0,1
warm,b,18,7,229,10,22.4,1,1.8,2.8,1.5,,,,0,1
warm,b,18,9,243,1,80.6,29,21.7,11.7,5.3,1.57,585,0.727,0,1
warm,b,18,9,243,2,80.6,13,22.2,14,12,0.204,,0.812,0,1
warm,b,18,9,243,3,85.8,44,18.7,15.8,8.8,0.62,,1.861,0,1
warm,b,18,9,243,4,62,10,13.7,10.5,7.2,0.309,,0.256,0,1
warm,b,18,9,243,5,65,58,15,7,3,0.264,,1.808,0,1
warm,b,18,9,243,6,103.3,32,10.2,14.4,6.2,0.231,,0.755,0,1
warm,b,18,9,243,11,54.2,2,13.2,7.4,3.4,0.074,,0.059,0,1
warm,b,18,9,243,12,17.5,1,6.2,3.9,1.8,0.034,,0.066,0,1
warm,b,18,9,243,13,66,6,13.8,7.6,4.5,0.062,,0.116,0,1
warm,b,18,9,243,14,108.5,47,20.7,14,10.4,0.394,,1.58,0,1
warm,b,18,9,243,15,32,0,,4.3,1.7,,3,,0,1
warm,b,18,9,243,15,32,0,,4.3,1.7,,3,,0,1
warm,b,18,9,243,7,55.1,12,13.4,6.5,3.1,0.28,,0.233,0,1
warm,b,18,9,243,8,83.2,70,20.5,20.2,10,,127,2.616,0,1
warm,b,18,9,243,9,57.2,11,17.2,7.3,3.7,0.295,,0.365,0,1
warm,b,18,9,243,10,16,0,,2.7,1.2,,,,0,1
warm,b,18,9,243,10x,98.2,25,12.5,17.4,8.2,0,0,0.304,1,1
warm,b,18,9,243,15x,46.2,6,12.3,6.5,3.2,,6,0.109,1,1
warm,c,19,2,173,1,14.4,0,,6.1,3.7,,,,0,1
warm,c,19,2,173,2,4.5,0,,3.4,1.9,,,,0,1
warm,c,19,2,173,3,9.3,0,,2.4,1.2,,,,0,1
warm,c,19,2,173,4,10.3,0,,3,1,,,,0,1
warm,c,19,2,173,5,16.4,0,,3.6,2,,,,0,1
warm,c,19,2,173,6,7.5,0,,7.4,3.8,,,,0,1
warm,c,19,2,173,7,11.3,0,,3.5,1.4,,,,0,1
warm,c,19,2,173,8,10.5,0,,1.9,1,,,,0,1
warm,c,19,2,173,9,15,0,,2.4,1.5,,,,0,1
warm,c,19,2,173,10,8.7,0,,1.8,1.2,,,,0,1
warm,c,19,2,173,11,16.4,0,,4.1,2.4,,,,0,1
warm,c,19,2,173,12,22.2,0,,7.6,5.3,,,,0,1
warm,c,19,2,173,13,14.4,0,,2.6,1.5,,,,0,1
warm,c,19,2,173,14,17.9,0,,9.9,2.4,,,,0,1
warm,c,19,2,173,15,18.1,0,,4.9,2.6,,,,0,1
warm,c,19,2,187,1,20.9,0,,5.9,2.7,,,,0,1
warm,c,19,2,187,2,6.4,0,,5.2,2.2,,,,0,1
warm,c,19,2,187,3,13.5,0,,2.8,1.1,,,,0,1
warm,c,19,2,187,4,15,0,,4,1.5,,,,0,1
warm,c,19,2,187,5,20.1,0,,4.5,1.8,,,,0,1
warm,c,19,2,187,6,11.3,0,,8.1,3.9,,,,0,1
warm,c,19,2,187,7,10.3,0,,3.9,1,,,,0,1
warm,c,19,2,187,8,13.6,0,,2.1,0.6,,,,0,1
warm,c,19,2,187,9,17.4,0,,1.9,0.9,,,,0,1
warm,c,19,2,187,10,7.4,0,,1.3,0.9,,,,0,1
warm,c,19,2,187,11,20.6,0,,4.5,1.1,,,,0,1
warm,c,19,2,187,12,29.1,0,,8.5,5.5,,,,0,1
warm,c,19,2,187,13,10.5,0,,1.8,0.4,,,,0,1
warm,c,19,2,187,14,25.5,0,,6.8,2.4,,,,0,1
warm,c,19,2,187,15,27.6,0,,4.9,2.8,,,,0,1
warm,c,19,3,199,1,19.6,0,,3.4,1.6,,,,0,1
warm,c,19,3,199,2,7.3,0,,5.1,2.5,,,,0,1
warm,c,19,3,199,3,15.4,0,,3.5,1.6,,,,0,1
warm,c,19,3,199,4,27.2,0,,8.5,3.2,,,,0,1
warm,c,19,3,199,5,24.1,0,,5.8,2.4,,,,0,1
warm,c,19,3,199,6,20.3,0,,5.4,3.7,,,,0,1
warm,c,19,3,199,7,16.1,0,,3.1,0.8,,,,0,1
warm,c,19,3,199,8,12.8,0,,2.2,1.1,,,,0,1
warm,c,19,3,199,9,18.5,0,,4.8,2.2,,,,0,1
warm,c,19,3,199,10,6.6,0,,1.9,0.8,,,,0,1
warm,c,19,3,199,11,13.3,0,,2.3,0.8,,,,0,1
warm,c,19,3,199,12,17.5,0,,4.2,2.1,,,,0,1
warm,c,19,3,199,13,24.3,0,,4.6,1.4,,,,0,1
warm,c,19,3,199,14,25.7,0,,5.6,1.5,,,,0,1
warm,c,19,3,199,15,29.5,0,,6.3,3.1,,,,0,1
warm,c,19,5,217,1,,0,,,,,,,0,1
warm,c,19,5,217,2,12.5,0,,5.2,2.5,,,,0,1
warm,c,19,5,217,3,19.3,0,,3.7,1.8,,,,0,1
warm,c,19,5,217,4,31.5,0,,7.5,4,,,,0,1
warm,c,19,5,217,5,28.2,0,,4.5,2.6,,,,0,1
warm,c,19,5,217,6,11.6,0,,2.5,1.7,,,,0,1
warm,c,19,5,217,7,,0,,,,,,,0,1
warm,c,19,5,217,8,,0,,,,,,,0,1
warm,c,19,5,217,9,8.1,0,,,,,,,0,1
warm,c,19,5,217,10,,0,,,,,,,0,1
warm,c,19,5,217,11,,0,,,,,,,0,1
warm,c,19,5,217,12,,0,,,,,,,0,1
warm,c,19,5,217,13,,0,,,,,,,0,1
warm,c,19,5,217,14,,0,,,,,,,0,1
warm,c,19,5,217,15,,0,,,,,,,0,1
warm,c,19,7,230,1,24.3,1,2.9,4.4,2.3,,,,0,1
warm,c,19,7,230,2,15,1,0.8,2.3,1.7,,,,0,1
warm,c,19,7,230,3,26.7,1,1.9,3.3,1.7,,,,0,1
warm,c,19,7,230,4,30.7,2,8.3,6.9,4.3,,,,0,1
warm,c,19,7,230,5,46.6,15,10.9,9.2,7.3,,,,0,1
warm,c,19,7,230,6,14.2,1,3,3,1.4,,,,0,1
warm,c,19,7,230,7,26.5,3,5.5,4.7,2.2,,,,0,1
warm,c,19,7,230,8,16.6,3,4.6,4.5,3.3,,,,0,1
warm,c,19,7,230,9,15.2,0,,2.8,1.6,,,,0,1
warm,c,19,7,230,10,3.6,1,0.4,1.9,1.5,,,,0,1
warm,c,19,7,230,11,37.3,4,2.7,5.5,3.5,,,,0,1
warm,c,19,7,230,12,22.2,1,3.8,4.2,2.2,,,,0,1
warm,c,19,7,230,13,38.8,22,6.2,7.3,4.5,,,,0,1
warm,c,19,7,230,14,32.2,5,7.7,6.6,3.7,,,,0,1
warm,c,19,7,230,15,31.6,14,7.5,8.5,6.4,,,,0,1
warm,c,19,9,243,1,,0,,,,,,,0,1
warm,c,19,9,243,1,,0,,,,,,,0,1
warm,c,19,9,243,2,34.5,9,10,7.7,3.7,1,2,,0,1
warm,c,19,9,243,2,,0,,,,,,,0,1
warm,c,19,9,243,3,34.7,2,7.5,5.1,2.3,1,3,,0,1
warm,c,19,9,243,3,46.4,4,1.7,4,2,0.054,,0.001,0,1
warm,c,19,9,243,4,58.9,24,13.9,10,6.3,1,4,0.226,0,1
warm,c,19,9,243,4,35.2,2,12.3,7.3,4.4,0.073,,0.137,0,1
warm,c,19,9,243,5,53.5,16,13,6.7,3.6,1,5,,0,1
warm,c,19,9,243,5,54.7,17,17.4,9.5,7.3,,7,1.13,0,1
warm,c,19,9,243,6,,0,,,,,,,0,1
warm,c,19,9,243,6,23.2,1,9.7,3.1,1.5,,,,0,1
warm,c,19,9,243,7,,0,,,,,,,0,1
warm,c,19,9,243,7,,0,,,,,,,0,1
warm,c,19,9,243,8,,0,,,,,,,0,1
warm,c,19,9,243,8,18.1,1,6.1,2.1,2.5,,,,0,1
warm,c,19,9,243,9,,0,,,,,,,0,1
warm,c,19,9,243,9,,0,,,,,,,0,1
warm,c,19,9,243,10,,0,,,,,,,0,1
warm,c,19,9,243,10,8.5,1,2.8,1,2.3,,,,0,1
warm,c,19,9,243,11,,0,,,,,,,0,1
warm,c,19,9,243,11,48.6,5,9.7,5.7,2.8,,,,0,1
warm,c,19,9,243,12,,0,,,,,,,0,1
warm,c,19,9,243,12,29.8,1,3.3,2.7,1.2,,,,0,1
warm,c,19,9,243,13,,0,,,,0.76,,0,0,1
warm,c,19,9,243,13,,0,,,,,,,0,1
warm,c,19,9,243,14,,0,,,,,,,0,1
warm,c,19,9,243,14,39.5,5,13.1,6.2,3.3,,,,0,1
warm,c,19,9,243,15,,0,,,,,,,0,1
warm,c,19,9,243,15,49.5,26,16.5,8.8,6.7,,,,0,1
warm,c,19,9,243,10x,37.2,2,6.8,6.5,3.2,0.092,,0.04,1,0
warm,c,19,9,243,11x,17.2,2,1.1,3.5,2.3,,3,0.015,1,0
warm,c,19,9,243,12x,46.2,29,10.2,8.1,5.8,,3,0.548,1,0
warm,c,19,9,243,1x,33.2,4,10.2,5.6,3.6,,2,0.166,1,1
warm,c,19,9,243,6x,99.1,118,16.3,19.5,12.7,0.423,,6.927,1,1
warm,c,19,9,243,7x,70.8,41,17.8,18.2,7.3,0.778,,0.681,1,1
warm,c,19,9,243,8x,50.6,8,11.8,8.6,3.8,0.035,,0.124,1,1
warm,c,19,9,243,9x,72.8,45,16.7,16,9.5,0.128,,1.101,1,1
warm,d,20,2,173,1,10.5,0,,3,1.5,,,,0,1
warm,d,20,2,173,2,16.1,0,,6.6,3.8,,,,0,1
warm,d,20,2,173,3,12,0,,3.8,2.3,,,,0,1
warm,d,20,2,173,4,11.2,0,,3.6,1.9,,,,0,1
warm,d,20,2,173,5,10.1,0,,6.5,3.6,,,,0,1
warm,d,20,2,173,6,14.6,0,,3.4,1.7,,,,0,1
warm,d,20,2,173,7,8.4,0,,1.7,1,,,,0,1
warm,d,20,2,173,8,5.2,0,,1.9,1.2,,,,0,1
warm,d,20,2,173,9,22.4,0,,4.4,2.2,,,,0,1
warm,d,20,2,173,10,2.5,0,,0.8,0.6,,,,0,1
warm,d,20,2,173,11,11.1,0,,4.4,1.9,,,,0,1
warm,d,20,2,173,12,16.5,0,,8.7,4.4,,,,0,1
warm,d,20,2,173,13,22.9,0,,7.7,2.5,,,,0,1
warm,d,20,2,173,14,14.7,0,,4.7,2.2,,,,0,1
warm,d,20,2,173,15,6.6,0,,3.5,2.3,,,,0,1
warm,d,20,2,187,1,11.1,0,,2.2,1.6,,,,0,1
warm,d,20,2,187,2,26.5,0,,8.2,2.6,,,,0,1
warm,d,20,2,187,3,19.5,0,,5.3,2.6,,,,0,1
warm,d,20,2,187,4,19.7,0,,3.1,1,,,,0,1
warm,d,20,2,187,5,24.5,0,,7.2,4,,,,0,1
warm,d,20,2,187,6,17.8,0,,2.2,1,,,,0,1
warm,d,20,2,187,7,8.3,0,,2,0.8,,,,0,1
warm,d,20,2,187,8,7.1,0,,1.9,0.5,,,,0,1
warm,d,20,2,187,9,26.3,0,,5.6,2.1,,,,0,1
warm,d,20,2,187,10,3.8,0,,0.8,0.3,,,,0,1
warm,d,20,2,187,11,5.9,0,,0.5,0.3,,,,0,1
warm,d,20,2,187,12,17.6,0,,5.2,2.6,,,,0,1
warm,d,20,2,187,13,21.7,0,,6.5,4,,,,0,1
warm,d,20,2,187,14,23.5,0,,4.5,2.2,,,,0,1
warm,d,20,2,187,15,16.1,0,,5.1,2.1,,,,0,1
warm,d,20,5,214,1,39.9,1,0.2,6.4,3.5,,,,0,1
warm,d,20,5,214,2,58.4,5,5,10.1,6.1,,,,0,1
warm,d,20,5,214,3,20.5,1,4.1,7,3.5,,,,0,1
warm,d,20,5,214,4,37.9,1,0.2,4.1,2.5,,,,0,1
warm,d,20,5,214,5,50,1,1.1,7.5,5.1,,,,0,1
warm,d,20,5,214,6,26,0,,5.5,3.2,,,,0,1
warm,d,20,5,214,7,,0,,,,,,,0,1
warm,d,20,5,214,8,17.8,1,0.1,2.3,1.1,,,,0,1
warm,d,20,5,214,9,13.2,,,,,,,,0,1
warm,d,20,5,214,10,,0,,,,,,,0,1
warm,d,20,5,214,11,6.3,0,,0.9,0.6,,,,0,1
warm,d,20,5,214,12,45.3,6,1,10.6,7.6,,,,0,1
warm,d,20,5,214,13,44,1,0.3,9,2.5,,,,0,1
warm,d,20,5,214,14,27.4,1,0.6,4.2,1.4,,,,0,1
warm,d,20,5,214,15,21.3,0,,4.5,1.9,,,,0,1
warm,d,20,7,229,1,54.4,5,7.7,7.1,3.8,,,,0,1
warm,d,20,7,229,2,75.7,14,14,8.9,7.7,,,,0,1
warm,d,20,7,229,3,69.3,1,17.8,7.7,4.2,,,,0,1
warm,d,20,7,229,4,51.4,1,3.7,4.2,2.6,,,,0,1
warm,d,20,7,229,5,74.7,5,10.9,7.8,5.4,,,,0,1
warm,d,20,7,229,6,35,2,3.2,7,3.3,,,,0,1
warm,d,20,7,229,7,15.7,0,,1.9,1.1,,,,0,1
warm,d,20,7,229,8,37.5,1,0.4,4,2,,,,0,1
warm,d,20,7,229,9,45.6,4,4.2,6.8,3.7,,,,0,1
warm,d,20,7,229,10,,0,,,,,,,0,1
warm,d,20,7,229,11,10.5,0,,2.9,1.4,,,,0,1
warm,d,20,7,229,12,39.4,3,3.5,6,3.8,,,,0,1
warm,d,20,7,229,13,60,6,3.8,8.7,3.2,,,,0,1
warm,d,20,7,229,14,39,4,7.2,4.8,3.2,,,,0,1
warm,d,20,7,229,15,38.2,10,2.7,6.8,3.5,,,,0,1
warm,d,20,9,242,1,64.5,7,8.2,7.5,3.7,0.259,71,0.061,0,1
warm,d,20,9,242,2,62,7,6.7,10.5,8.2,0.023,6,0.184,0,1
warm,d,20,9,242,3,60.7,1,4.2,5.9,2.5,0.027,7,0.018,0,1
warm,d,20,9,242,4,65.5,7,8.4,8.5,4.5,0.272,93,0.126,0,1
warm,d,20,9,242,5,77.8,6,18.5,8.8,5.4,0.118,30,0.271,0,1
warm,d,20,9,242,6,47.4,3,9.8,6.9,3,0.062,17,0.095,0,1
warm,d,20,9,242,7,,0,,,,,,,0,1
warm,d,20,9,242,8,,0,,,,,,,0,1
warm,d,20,9,242,9,82,42,20.2,13.6,7.8,1.157,303,1.812,0,1
warm,d,20,9,242,10,,0,,,,,,,0,1
warm,d,20,9,242,11,10,0,,2,1,,,,0,1
warm,d,20,9,242,12,80.3,39,20.1,13.3,6.8,0.361,97,1.628,0,1
warm,d,20,9,242,13,65.2,17,8.2,8.2,4.1,0.065,23,0.276,0,1
warm,d,20,9,242,14,42,4,10.3,5.4,3.4,0.016,10,0.088,0,1
warm,d,20,9,242,15,55.5,14,10.6,6.7,4.3,0.1,32,0.206,0,1
warm,d,20,9,242,10x,78.4,42,17.5,13.7,6.2,0.447,133,1.541,1,1
warm,d,20,9,242,11x,51.3,19,10.6,9.7,6.4,0.059,27,0.38,1,0
warm,d,20,9,242,7x,44.8,1,6.2,6,3,,2,0.053,1,1
warm,d,20,9,242,8x,100.2,7,17.6,14.2,10,1.271,419,4.037,1,1
warm,e,21,2,173,1,11.2,0,,2.3,1.6,,,,0,1
warm,e,21,2,173,2,16.1,0,,3.9,1.4,,,,0,1
warm,e,21,2,173,3,16,0,,5.5,2.8,,,,0,1
warm,e,21,2,173,4,8.5,0,,3.6,1.5,,,,0,1
warm,e,21,2,173,5,6.2,0,,5,2.5,,,,0,1
warm,e,21,2,173,6,8.4,0,,2.5,1.6,,,,0,1
warm,e,21,2,173,7,12.3,0,,3.9,2.1,,,,0,1
warm,e,21,2,173,8,5.4,0,,6,3.7,,,,0,1
warm,e,21,2,173,9,7.9,0,,5,3.8,,,,0,1
warm,e,21,2,173,10,9.5,0,,2.5,1.5,,,,0,1
warm,e,21,2,173,11,13.2,0,,1.5,1.2,,,,0,1
warm,e,21,2,173,12,10.1,0,,1.5,1.1,,,,0,1
warm,e,21,2,173,13,14.7,0,,3.2,2.3,,,,0,1
warm,e,21,2,173,14,10.9,0,,3.4,1.6,,,,0,1
warm,e,21,2,173,15,14.5,0,,4.5,2.5,,,,0,1
warm,e,21,2,187,1,14.4,0,,3.1,1.6,,,,0,1
warm,e,21,2,187,2,18.5,0,,4.2,2.4,,,,0,1
warm,e,21,2,187,3,19.8,0,,5.7,3.5,,,,0,1
warm,e,21,2,187,4,12.5,0,,4.4,3.1,,,,0,1
warm,e,21,2,187,5,13.1,0,,7.5,2.8,,,,0,1
warm,e,21,2,187,6,10.9,0,,3.5,1.8,,,,0,1
warm,e,21,2,187,7,15.5,0,,5.8,2.8,,,,0,1
warm,e,21,2,187,8,9.5,0,,6.8,4.7,,,,0,1
warm,e,21,2,187,9,10.7,0,,4.9,1.8,,,,0,1
warm,e,21,2,187,10,12.1,0,,3,1.4,,,,0,1
warm,e,21,2,187,11,14,0,,2.8,1.1,,,,0,1
warm,e,21,2,187,12,11.4,0,,2.3,1.1,,,,0,1
warm,e,21,2,187,13,18.3,0,,4.1,2.5,,,,0,1
warm,e,21,2,187,14,10.8,0,,2.3,1.4,,,,0,1
warm,e,21,2,187,15,16,0,,4,1.6,,,,0,1
warm,d,20,3,200,1,22.8,0,,3.9,2.1,,,,0,1
warm,d,20,3,200,2,37.4,0,,7.2,5.8,,,,0,1
warm,d,20,3,200,3,28.4,0,,4.1,2.3,,,,0,1
warm,d,20,3,200,4,29.5,0,,3.6,2.5,,,,0,1
warm,d,20,3,200,5,35.5,0,,6.5,5.2,,,,0,1
warm,d,20,3,200,6,20.3,0,,3.2,4.1,,,,0,1
warm,d,20,3,200,7,10.1,0,,1.5,0.6,,,,0,1
warm,d,20,3,200,8,10.8,0,,1.8,0.7,,,,0,1
warm,d,20,3,200,9,32.9,0,,6.8,3.4,,,,0,1
warm,d,20,3,200,10,4.1,0,,0.4,0.3,,,,0,1
warm,d,20,3,200,11,16.1,0,,4.9,3.3,,,,0,1
warm,d,20,3,200,12,34.8,0,,8.2,6.2,,,,0,1
warm,d,20,3,200,13,35.2,0,,6.9,4.6,,,,0,1
warm,d,20,3,200,14,25.1,0,,4.1,2.1,,,,0,1
warm,d,20,3,200,15,12.8,0,,4.8,3.1,,,,0,1
warm,e,21,5,214,1,24.1,0,,5.2,2.5,,,,0,1
warm,e,21,5,214,2,32.5,2,0.2,2.8,1.8,,,,0,1
warm,e,21,5,214,3,28,1,0.1,6,3.5,,,,0,1
warm,e,21,5,214,4,21.3,0,,6.1,1,,,,0,1
warm,e,21,5,214,5,35.5,9,0.9,8.1,4.1,,,,0,1
warm,e,21,5,214,6,19.2,0,,4.3,2.5,,,,0,1
warm,e,21,5,214,7,28.1,1,0.8,6.5,3,,,,0,1
warm,e,21,5,214,8,23.1,0,,6.1,2.3,,,,0,1
warm,e,21,5,214,9,13,0,,3.5,1.1,,,,0,1
warm,e,21,5,214,10,21.3,0,,2.9,1.5,,,,0,1
warm,e,21,5,214,11,19.1,0,,1.7,0.6,,,,0,1
warm,e,21,5,214,12,17.2,1,0.1,2.6,1.5,,,,0,1
warm,e,21,5,214,13,23.1,1,1.1,3.1,2.1,,,,0,1
warm,e,21,5,214,14,14.8,0,,1,0.8,,,,0,1
warm,e,21,5,214,15,,,,,,,,,0,1
warm,e,21,7,229,1,35.7,5,3,7.2,3.5,,,,0,1
warm,e,21,7,229,2,43.5,6,3.2,5.2,2.5,,,,0,1
warm,e,21,7,229,3,44,6,4.1,7.1,5.3,,,,0,1
warm,e,21,7,229,4,30.7,1,1.9,6.2,3.5,,,,0,1
warm,e,21,7,229,5,53.5,13,11.2,10.2,3.2,,,,0,1
warm,e,21,7,229,6,32.5,3,3.2,5.7,3.2,,,,0,1
warm,e,21,7,229,7,44.2,6,9.1,8.2,4.7,,,,0,1
warm,e,21,7,229,8,39.3,18,6,8.5,5.5,,,,0,1
warm,e,21,7,229,9,22.1,1,4.4,4.2,3.1,,,,0,1
warm,e,21,7,229,10,30.7,2,1.2,4.5,2.2,,,,0,1
warm,e,21,7,229,11,,0,,,,,,,0,1
warm,e,21,7,229,12,25.2,1,3.2,3.7,2.5,,,,0,1
warm,e,21,7,229,13,30.7,1,4,5,2.5,,,,0,1
warm,e,21,7,229,14,,0,,,,,,,0,1
warm,e,21,7,229,15,,0,,,,,,,0,1
warm,e,21,9,242,1,47,7,9.8,6.8,2.7,0,0,0.134,0,1
warm,e,21,9,242,2,49.2,7,7.5,5.6,2.8,0.113,33,0.106,0,1
warm,e,21,9,242,3,52.6,7,7.4,8.4,5.3,0.058,17,0.186,0,1
warm,e,21,9,242,4,44.2,1,8.2,6.2,3.7,0.024,6,0.055,0,1
warm,e,21,9,242,5,55.4,11,7.7,9.6,4.3,0.417,120,0.521,0,1
warm,e,21,9,242,6,45.4,9,12,5.5,2.5,0.004,4,0.206,0,1
warm,e,21,9,242,7,52.2,10,14.5,7.8,3.5,0.026,10,0.521,0,1
warm,e,21,9,242,8,48.2,27,15.2,9.9,3.7,0.087,42,0.966,0,1
warm,e,21,9,242,9,26.5,1,6.8,3.9,2.1,0.052,19,0.051,0,1
warm,e,21,9,242,10,43.2,3,8.5,4.7,2,0.054,17,0.073,0,1
warm,e,21,9,242,11,,0,,,,,,,0,1
warm,e,21,9,242,12,31.5,1,7.9,3.5,1.7,0.006,3,0.02,0,1
warm,e,21,9,242,13,31.4,1,4.5,5,2.3,,,,0,1
warm,e,21,9,242,14,,0,,,,,,,0,1
warm,e,21,9,242,15,,0,,,,,,,0,1
warm,e,21,9,242,11x,62.2,13,16.5,9.8,4.7,0.055,29,0.307,1,1
warm,e,21,9,242,13X,,,,,,0.023,10,0.021,NA,NA
warm,e,21,9,242,14x,36.2,1,4.2,5,2.3,0.022,12,0.02,1,1
warm,e,21,9,242,15x,26.5,1,1.9,2.6,1.1,0,0,0.006,1,1
warm,f,22,2,173,1,1.7,0,,3,2.4,,,,0,1
warm,f,22,2,173,2,1.6,0,,1.7,0.8,,,,0,1
warm,f,22,2,173,3,2.1,0,,1.9,1.4,,,,0,1
warm,f,22,2,173,4,2.2,0,,2.7,1.6,,,,0,1
warm,f,22,2,173,5,3.3,0,,3.2,1.7,,,,0,1
warm,f,22,2,173,6,1.5,0,,1.1,1.1,,,,0,1
warm,f,22,2,173,7,1.6,0,,1.2,0.8,,,,0,1
warm,f,22,2,173,8,2.2,0,,2,1,,,,0,1
warm,f,22,2,173,9,2,0,,1.9,0.9,,,,0,1
warm,f,22,2,173,10,2.3,0,,2.6,1.8,,,,0,1
warm,f,22,2,173,11,5.6,0,,3,1.9,,,,0,1
warm,f,22,2,173,12,4.9,0,,5.1,2.3,,,,0,1
warm,f,22,2,173,13,2.9,0,,4.4,3,,,,0,1
warm,f,22,2,173,14,2.5,0,,4.5,1.7,,,,0,1
warm,f,22,2,173,15,3.7,0,,6.8,2.5,,,,0,1
warm,f,22,2,187,1,1.2,0,,3.7,1.9,,,,0,1
warm,f,22,2,187,2,2.5,0,,2.3,1.2,,,,0,1
warm,f,22,2,187,3,2.7,0,,3.6,2.4,,,,0,1
warm,f,22,2,187,4,3.3,0,,3.1,1.6,,,,0,1
warm,f,22,2,187,5,4.4,0,,3.6,2,,,,0,1
warm,f,22,2,187,6,1.5,0,,1.9,1,,,,0,1
warm,f,22,2,187,7,4,0,,2.3,1.1,,,,0,1
warm,f,22,2,187,8,5.1,0,,4.2,1.2,,,,0,1
warm,f,22,2,187,9,4.1,0,,2.9,1.5,,,,0,1
warm,f,22,2,187,10,4.3,0,,6.5,3,,,,0,1
warm,f,22,2,187,11,18.4,0,,5.7,2.8,,,,0,1
warm,f,22,2,187,12,3.9,0,,1.6,0.4,,,,0,1
warm,f,22,2,187,13,7,0,,8.6,4.1,,,,0,1
warm,f,22,2,187,14,6,0,,6.5,3.6,,,,0,1
warm,f,22,2,187,15,6.5,0,,7.9,2.5,,,,0,1
warm,f,22,3,199,1,1.5,0,,2.5,1.1,,,,0,1
warm,f,22,3,199,2,2.5,0,,2.3,1.1,,,,0,1
warm,f,22,3,199,3,2.8,0,,3.6,1.5,,,,0,1
warm,f,22,3,199,4,2.6,0,,1.5,0.9,,,,0,1
warm,f,22,3,199,5,2.6,0,,0.3,0.2,,,,0,1
warm,f,22,3,199,6,1.3,0,,0.3,0.1,,,,0,1
warm,f,22,3,199,7,5,0,,0.1,0.1,,,,0,1
warm,f,22,3,199,8,4.8,0,,1.1,0.6,,,,0,1
warm,f,22,3,199,9,3.9,0,,0.1,0.1,,,,0,1
warm,f,22,3,199,10,3.7,0,,1.8,0.7,,,,0,1
warm,f,22,3,199,11,4.4,0,,3.6,0.8,,,,0,1
warm,f,22,3,199,12,3.5,0,,3.7,0.9,,,,0,1
warm,f,22,3,199,13,4.4,0,,1.1,0.9,,,,0,1
warm,f,22,3,199,14,5.5,0,,5.5,5.3,,,,0,1
warm,f,22,3,199,15,6.1,0,,1.2,0.3,,,,0,1
warm,e,21,3,200,1,20.1,0,,5.4,2.3,,,,0,1
warm,e,21,3,200,2,26.8,0,,4.1,3.3,,,,0,1
warm,e,21,3,200,3,25.1,0,,5.6,3.1,,,,0,1
warm,e,21,3,200,4,17.5,0,,5.1,2.3,,,,0,1
warm,e,21,3,200,5,22.4,0,,9.5,3.5,,,,0,1
warm,e,21,3,200,6,15.6,0,,4.3,2.2,,,,0,1
warm,e,21,3,200,7,20.6,0,,6.1,3.2,,,,0,1
warm,e,21,3,200,8,17.4,0,,8,4.2,,,,0,1
warm,e,21,3,200,9,10.9,0,,3.6,2.1,,,,0,1
warm,e,21,3,200,10,18.1,0,,3.7,1.9,,,,0,1
warm,e,21,3,200,11,16.1,0,,2,1.3,,,,0,1
warm,e,21,3,200,12,14.6,0,,2.4,1.5,,,,0,1
warm,e,21,3,200,13,19.6,0,,3.9,1.6,,,,0,1
warm,e,21,3,200,14,15.9,0,,2.5,0.9,,,,0,1
warm,e,21,3,200,15,16.4,0,,2.5,1.4,,,,0,1
warm,f,22,5,217,1,1.5,0,,2.6,1.1,,,,0,1
warm,f,22,5,217,2,2.6,0,,1.2,0.5,,,,0,1
warm,f,22,5,217,3,3.5,0,,2.3,1.5,,,,0,1
warm,f,22,5,217,4,3.2,0,,0.5,0.4,,,,0,1
warm,f,22,5,217,5,3,0,,1.5,0.7,,,,0,1
warm,f,22,5,217,6,1.9,0,,1.1,0.7,,,,0,1
warm,f,22,5,217,7,4.6,0,,1.2,0.5,,,,0,1
warm,f,22,5,217,8,4.1,0,,0.6,0.4,,,,0,1
warm,f,22,5,217,9,,0,,,,,,,0,1
warm,f,22,5,217,10,5.1,0,,2.1,0.8,,,,0,1
warm,f,22,5,217,11,4,0,,2.6,0.4,,,,0,1
warm,f,22,5,217,12,4,0,,0.5,0.3,,,,0,1
warm,f,22,5,217,13,2.1,0,,2.2,0.6,,,,0,1
warm,f,22,5,217,14,3.5,0,,2.1,1,,,,0,1
warm,f,22,5,217,15,3.1,0,,1.3,0.5,,,,0,1
warm,f,22,7,229,1,2.8,0,,2.9,1.6,,,,0,1
warm,f,22,7,229,1,3.5,0,,1.6,1.2,,,,0,1
warm,f,22,7,229,2,4,0,,1.5,1,,,,0,1
warm,f,22,7,229,2,4.5,0,,6,2.7,,,,0,1
warm,f,22,7,229,3,6,0,,3.6,2,,,,0,1
warm,f,22,7,229,3,7,0,,2.8,2.2,,,,0,1
warm,f,22,7,229,4,4.2,0,,1.5,0.7,,,,0,1
warm,f,22,7,229,4,7.5,0,,4.2,2.5,,,,0,1
warm,f,22,7,229,5,3.7,0,,3,1.7,,,,0,1
warm,f,22,7,229,5,3.5,0,,3,2.5,,,,0,1
warm,f,22,7,229,6,2,0,,1.5,0.6,,,,0,1
warm,f,22,7,229,6,7.5,0,,4.2,3.2,,,,0,1
warm,f,22,7,229,7,7,0,,1.8,1.2,,,,0,1
warm,f,22,7,229,7,7.9,0,,2,0.5,,,,0,1
warm,f,22,7,229,8,,0,,,,,,,0,1
warm,f,22,7,229,8,3.5,0,,2.4,1.5,,,,0,1
warm,f,22,7,229,9,,0,,,,,,,0,1
warm,f,22,7,229,9,5.2,0,,1.5,1,,,,0,1
warm,f,22,7,229,10,10.5,3,0.7,3.5,2.2,,,,0,1
warm,f,22,7,229,10,9.5,0,,3.7,3.2,,,,0,1
warm,f,22,7,229,11,7.1,1,0.5,2,1.2,,,,0,1
warm,f,22,7,229,11,3.5,0,,1.7,1.2,,,,0,1
warm,f,22,7,229,12,7.2,0,,2.7,0.8,,,,0,1
warm,f,22,7,229,12,3,0,,2.5,1.5,,,,0,1
warm,f,22,7,229,13,6.5,0,,4.3,2.8,,,,0,1
warm,f,22,7,229,13,2.5,0,,1.9,1.2,,,,0,1
warm,f,22,7,229,14,7.2,0,,4.8,2.5,,,,0,1
warm,f,22,7,229,14,,0,,,,,,,0,1
warm,f,22,7,229,15,4.6,0,,3.6,1.7,,,,0,1
warm,f,22,7,229,15,3,0,,15,1.5,,,,0,1
warm,f,22,9,243,1,,0,,,,,,,0,1
warm,f,22,9,243,2,,0,,,,,,,0,1
warm,f,22,9,243,3,16.5,1,4.5,4.7,3.5,0,0,0.016,0,1
warm,f,22,9,243,4,,0,,,,,,,0,1
warm,f,22,9,243,5,,0,,,,,,,0,1
warm,f,22,9,243,6,9,2,1.5,3.5,2,0,0,0.014,0,1
warm,f,22,9,243,7,6,0,,5,2.1,,,,0,1
warm,f,22,9,243,8,7.5,2,0.4,3,1.2,0,0,0.001,0,1
warm,f,22,9,243,9,,0,,,,,,,0,1
warm,f,22,9,243,10,15,6,2.5,3.3,2.3,0.143,93,0.031,0,1
warm,f,22,9,243,11,,0,,,,,,,0,1
warm,f,22,9,243,12,12.3,1,1.9,5,3.5,,1,0.021,0,1
warm,f,22,9,243,13,23.5,5,3.2,7.4,4.4,,3,0.05,0,1
warm,f,22,9,243,14,15.3,6,2.5,6.2,3.7,0,0,0.051,0,1
warm,f,22,9,243,15,,0,,,,,,,0,1
warm,f,22,9,243,11x,18.4,3,2.9,4.5,1.8,0,0,0.028,1,0
warm,f,22,9,243,15x,9.3,1,3.2,4.3,1.7,0,0,0.012,1,0
warm,f,22,9,243,1x,16.9,2,5.4,2.4,1.5,0.008,8,0.027,1,0
warm,f,22,9,243,2x,11.1,5,3.7,3.2,1.7,0,1,0.018,1,0
warm,f,22,9,243,4x,30.1,4,7.1,6.2,4.3,0.044,19,0.102,1,0
warm,f,22,9,243,5x,16.5,1,2.9,6.2,7.3,0,0,0.024,1,0
warm,f,22,9,243,7x,8.2,1,1.1,4.4,2.2,0,0,0.006,1,0
warm,f,22,9,243,9x,15.5,7,5.8,3.8,2.7,0,0,0.081,1,0
warm,g,23,2,174,1,3.2,0,,1.5,0.7,,,,0,1
warm,g,23,2,174,2,4.5,0,,2.7,1.3,,,,0,1
warm,g,23,2,174,3,8,0,,3.1,1.9,,,,0,1
warm,g,23,2,174,4,1.8,0,,2,1.1,,,,0,1
warm,g,23,2,174,5,4.9,0,,4.1,2.5,,,,0,1
warm,g,23,2,174,6,3.5,0,,1.5,1.4,,,,0,1
warm,g,23,2,174,7,9.6,0,,2.9,4.7,,,,0,1
warm,g,23,2,174,8,4.8,0,,2.4,1.4,,,,0,1
warm,g,23,2,174,9,11.1,0,,3.8,1.7,,,,0,1
warm,g,23,2,174,10,5.7,0,,3.9,2.5,,,,0,1
warm,g,23,2,174,11,4.3,0,,4.5,2.6,,,,0,1
warm,g,23,2,174,12,6.6,0,,2.6,1.9,,,,0,1
warm,g,23,2,174,13,6.6,0,,3.6,1.9,,,,0,1
warm,g,23,2,174,14,1.6,0,,2.3,1.9,,,,0,1
warm,g,23,2,174,15,5.5,0,,2.6,1.7,,,,0,1
warm,g,23,2,187,1,9.3,0,,2.9,1.1,,,,0,1
warm,g,23,2,187,2,10.1,0,,5.6,2,,,,0,1
warm,g,23,2,187,3,8.3,0,,3.7,2.2,,,,0,1
warm,g,23,2,187,4,11.5,0,,6.1,2.3,,,,0,1
warm,g,23,2,187,5,11.3,0,,2.8,1.5,,,,0,1
warm,g,23,2,187,6,9.3,0,,3.8,1.6,,,,0,1
warm,g,23,2,187,7,12.4,0,,3.1,1.2,,,,0,1
warm,g,23,2,187,8,10.1,0,,2.1,0.5,,,,0,1
warm,g,23,2,187,9,13.7,0,,6.1,3.2,,,,0,1
warm,g,23,2,187,10,11.2,0,,4.6,2.5,,,,0,1
warm,g,23,2,187,11,3.6,0,,5.1,1.6,,,,0,1
warm,g,23,2,187,12,2.1,0,,4.1,3,,,,0,1
warm,g,23,2,187,13,3.5,0,,1.7,1.1,,,,0,1
warm,g,23,2,187,14,2,0,,3.1,1.1,,,,0,1
warm,g,23,2,187,15,8.5,0,,3,1.7,,,,0,1
warm,g,23,3,199,1,9.9,0,,3.5,1.6,,,,0,1
warm,g,23,3,199,2,8.4,0,,3.3,1.4,,,,0,1
warm,g,23,3,199,3,9.7,0,,1.9,0.7,,,,0,1
warm,g,23,3,199,4,13.7,0,,2.8,1,,,,0,1
warm,g,23,3,199,5,12.3,0,,3.1,1.3,,,,0,1
warm,g,23,3,199,6,11.2,0,,4.1,1.4,,,,0,1
warm,g,23,3,199,7,14.7,0,,3.8,2.1,,,,0,1
warm,g,23,3,199,8,1.4,0,,1.4,0.6,,,,0,1
warm,g,23,3,199,9,16.4,0,,7.4,3.9,,,,0,1
warm,g,23,3,199,10,10.9,0,,4.6,1.1,,,,0,1
warm,g,23,3,199,11,3.3,0,,4.3,1.6,,,,0,1
warm,g,23,3,199,12,6.2,0,,5.4,3.6,,,,0,1
warm,g,23,3,199,13,7.1,0,,2.8,1.3,,,,0,1
warm,g,23,3,199,14,4.9,0,,3.9,1.4,,,,0,1
warm,g,23,3,199,15,9.4,0,,2.6,1.3,,,,0,1
warm,g,23,5,217,1,13.6,0,,5,2,,,,0,1
warm,g,23,5,217,2,15.9,0,,4.1,2,,,,0,1
warm,g,23,5,217,3,3.4,0,,7,5,,,,0,1
warm,g,23,5,217,4,8,0,,2.2,1.2,,,,0,1
warm,g,23,5,217,5,16.5,0,,3.7,2.1,,,,0,1
warm,g,23,5,217,6,3.7,0,,,,,,,0,1
warm,g,23,5,217,7,12,0,,1.6,0.6,,,,0,1
warm,g,23,5,217,8,6.1,0,,,,,,,0,1
warm,g,23,5,217,9,6.8,0,,0.2,0.1,,,,0,1
warm,g,23,5,217,10,5.5,0,,,,,,,0,1
warm,g,23,5,217,11,,0,,,,,,,0,1
warm,g,23,5,217,12,19.8,4,3.4,11.2,6.1,,,,0,1
warm,g,23,5,217,13,19.6,0,,5.6,3.1,,,,0,1
warm,g,23,5,217,14,11.2,0,,5.6,2.6,,,,0,1
warm,g,23,5,217,15,17.9,0,,3.8,1.6,,,,0,1
warm,g,23,7,229,1,21.6,1,3.7,5,28,,,,0,1
warm,g,23,7,229,2,26.1,3,4.6,6.9,3.7,,,,0,1
warm,g,23,7,229,3,10,9,1.6,10,5,,,,0,1
warm,g,23,7,229,4,44.3,7,9,10.2,7.5,,,,0,1
warm,g,23,7,229,5,24.5,1,3.2,4.6,2.9,,,,0,1
warm,g,23,7,229,6,,0,,,,,,,0,1
warm,g,23,7,229,7,13,0,,2.8,0.9,,,,0,1
warm,g,23,7,229,8,,0,,,,,,,0,1
warm,g,23,7,229,9,7.3,0,,,,,,,0,1
warm,g,23,7,229,10,,0,,,,,,,0,1
warm,g,23,7,229,11,,0,,,,,,,0,1
warm,g,23,7,229,12,3.3,0,,,,,,,0,1
warm,g,23,7,229,13,35,7,2.9,6.7,2.8,,,,0,1
warm,g,23,7,229,14,25.3,9,7.1,6,3.8,,,,0,1
warm,g,23,7,229,15,26.5,2,0.7,5.7,3.2,,,,0,1
warm,g,23,9,243,1,27.5,1,6.6,4.9,1.7,0.041,,0.021,0,1
warm,g,23,9,243,2,32.4,4,9.5,6,3.6,,10,0.086,0,1
warm,g,23,9,243,3,9.5,5,1.2,10.2,5.1,,0,0.029,0,1
warm,g,23,9,243,4,6.5,0,,1.5,1,,,,0,1
warm,g,23,9,243,5,27.9,1,7,4.8,4.2,,16,0.028,0,1
warm,g,23,9,243,6,,0,,,,,,,0,1
warm,g,23,9,243,7,,0,,,,,,,0,1
warm,g,23,9,243,8,,0,,,,,,,0,1
warm,g,23,9,243,9,,0,,,,,,,0,1
warm,g,23,9,243,10,,0,,,,,,,0,1
warm,g,23,9,243,11,,0,,,,,,,0,1
warm,g,23,9,243,12,,0,,,,,,,0,1
warm,g,23,9,243,13,,0,,,,,,,0,1
warm,g,23,9,243,14,25.9,1,8.4,5.5,3,,21,,0,1
warm,g,23,9,243,15,41.2,3,10.5,6.1,3.7,,12,,0,1
warm,g,23,9,243,10x,44.5,6,14.2,7.5,2.6,,1,0.19,1,0
warm,g,23,9,243,11x,42.7,3,12.5,6.5,3,0.047,,0.12,1,0
warm,g,23,9,243,12x,22.2,4,7.9,3.3,1.2,0.028,,0.056,1,0
warm,g,23,9,243,13x,8.5,1,3.2,3.2,1.8,,0,0.009,1,0
warm,g,23,9,243,14x,13.7,6,9.7,7.2,3.4,0.028,,0.092,1,0
warm,g,23,9,243,15x,57.7,20,18.3,12.2,9.5,0.59,,0.66,1,0
warm,g,23,9,243,1X,,,,,,,0,0.057,NA,NA
warm,g,23,9,243,2X,,,,,,,0,0.296,NA,NA
warm,g,23,9,243,4x,39.5,21,10.8,5,3,0.08,,0.575,1,0
warm,g,23,9,243,6x,24.2,5,5.5,5,3,,,,1,0
warm,g,23,9,243,7x,35.5,7,11.2,8.3,3.7,,,,1,0
warm,g,23,9,243,8x,38.9,11,11.3,6,2.7,0.051,,0.196,1,0
warm,g,23,9,243,9x,36.2,7,9.1,7.9,4.2,,3,0.119,1,0
warm,h,24,2,174,1,10.2,0,,5.9,3.3,,,,0,1
warm,h,24,2,174,2,9.2,0,,5.8,3.4,,,,0,1
warm,h,24,2,174,3,10.7,0,,9.1,7.4,,,,0,1
warm,h,24,2,174,4,14.7,0,,6.9,4.4,,,,0,1
warm,h,24,2,174,5,10.7,0,,6.6,4,,,,0,1
warm,h,24,2,174,6,5.3,0,,3.8,1.8,,,,0,1
warm,h,24,2,174,7,6,0,,5.1,2.8,,,,0,1
warm,h,24,2,174,8,6.8,0,,3.9,2,,,,0,1
warm,h,24,2,174,9,9.1,0,,6.1,4.1,,,,0,1
warm,h,24,2,174,10,11.5,0,,6.7,3.6,,,,0,1
warm,h,24,2,174,11,14.6,0,,6.1,3.6,,,,0,1
warm,h,24,2,174,12,7,0,,2.5,1.5,,,,0,1
warm,h,24,2,174,13,10.3,0,,5,3.3,,,,0,1
warm,h,24,2,174,14,10,0,,5.7,4.1,,,,0,1
warm,h,24,2,174,15,13.8,0,,7.8,5,,,,0,1
warm,h,24,2,187,1,12.7,0,,7.3,4.5,,,,0,1
warm,h,24,2,187,2,13.2,0,,8.1,5.6,,,,0,1
warm,h,24,2,187,3,19.4,0,,12.9,8.9,,,,0,1
warm,h,24,2,187,4,22.7,0,,8.9,4.1,,,,0,1
warm,h,24,2,187,5,16.6,0,,10.2,6.1,,,,0,1
warm,h,24,2,187,6,8.9,0,,3.9,2.2,,,,0,1
warm,h,24,2,187,7,8.8,0,,4.6,3.5,,,,0,1
warm,h,24,2,187,8,9,0,,4.1,2.3,,,,0,1
warm,h,24,2,187,9,11.9,0,,10,5,,,,0,1
warm,h,24,2,187,10,20.2,0,,9.6,4.6,,,,0,1
warm,h,24,2,187,11,21.8,0,,8.1,4,,,,0,1
warm,h,24,2,187,12,8.2,0,,3.4,1.4,,,,0,1
warm,h,24,2,187,13,11.6,0,,6.1,4.5,,,,0,1
warm,h,24,2,187,14,14.1,0,,8.4,3.5,,,,0,1
warm,h,24,2,187,15,17.1,0,,9.1,5.6,,,,0,1
warm,h,24,3,199,1,17.6,0,,10,6.1,,,,0,1
warm,h,24,3,199,2,18.2,0,,10.4,4.7,,,,0,1
warm,h,24,3,199,3,20.1,0,,14.5,7.6,,,,0,1
warm,h,24,3,199,4,30.3,1,,8.3,6.2,,,,0,1
warm,h,24,3,199,5,21.4,0,,10.9,6.1,,,,0,1
warm,h,24,3,199,6,8.9,0,,4.5,2.2,,,,0,1
warm,h,24,3,199,7,11.1,0,,7.7,4.5,,,,0,1
warm,h,24,3,199,8,11.6,0,,3.7,1.9,,,,0,1
warm,h,24,3,199,9,15.5,0,,9.3,5.6,,,,0,1
warm,h,24,3,199,10,27.9,0,,11.1,0.9,,,,0,1
warm,h,24,3,199,11,21,0,,7.6,3.9,,,,0,1
warm,h,24,3,199,12,8.3,0,,3.1,1,,,,0,1
warm,h,24,3,199,13,19.5,0,,9.7,5.3,,,,0,1
warm,h,24,3,199,14,19.8,0,,8.9,4.7,,,,0,1
warm,h,24,3,199,15,28.8,0,,8.1,4.9,,,,0,1
warm,h,24,5,217,1,26.6,0,,9.7,5.3,,,,0,1
warm,h,24,5,217,2,27.1,0,,9.6,6,,,,0,1
warm,h,24,5,217,3,31.1,0,,13.4,7.6,,,,0,1
warm,h,24,5,217,4,41.6,0,,7.4,4.2,,,,0,1
warm,h,24,5,217,5,30.1,0,,9.2,4.6,,,,0,1
warm,h,24,5,217,6,9.8,0,,6.8,3.4,,,,0,1
warm,h,24,5,217,7,18.4,0,,8.6,5.1,,,,0,1
warm,h,24,5,217,8,16.1,0,,5.1,3,,,,0,1
warm,h,24,5,217,9,24.1,0,,12.2,6.3,,,,0,1
warm,h,24,5,217,10,10.1,0,,11.9,7.1,,,,0,1
warm,h,24,5,217,11,39.3,0,,10.5,7.9,,,,0,1
warm,h,24,5,217,12,8.6,0,,3.3,1.5,,,,0,1
warm,h,24,5,217,13,12.3,0,,2.5,1.6,,,,0,1
warm,h,24,5,217,14,27.3,0,,9.5,4.9,,,,0,1
warm,h,24,5,217,15,28.6,0,,8.5,4.2,,,,0,1
warm,h,24,7,229,1,57.4,19,7.8,12.7,6.5,,,,0,1
warm,h,24,7,229,2,44,8,1.5,13.5,9.4,,,,0,1
warm,h,24,7,229,3,67.2,50,3.5,15.5,7.2,,,,0,1
warm,h,24,7,229,4,55.6,33,7.5,9.2,5.5,,,,0,1
warm,h,24,7,229,5,43.2,31,0.6,12.4,7.3,,,,0,1
warm,h,24,7,229,6,21.4,1,0.6,7.8,4.1,,,,0,1
warm,h,24,7,229,7,39.1,6,1.4,10.7,9.2,,,,0,1
warm,h,24,7,229,8,29.8,6,1.1,7.7,3.7,,,,0,1
warm,h,24,7,229,9,48.4,17,7.9,16.7,10.6,,,,0,1
warm,h,24,7,229,10,59.8,20,3,14.6,6.5,,,,0,1
warm,h,24,7,229,11,51.3,1,0.5,13,9.9,,,,0,1
warm,h,24,7,229,12,12.2,0,,3.6,2.1,,,,0,1
warm,h,24,7,229,13,13.2,0,,2.2,1,,,,0,1
warm,h,24,7,229,14,42.3,11,1.2,10,5.7,,,,0,1
warm,h,24,7,229,15,42.2,5,3.7,9.3,5.4,,,,0,1